구,업종,feat_2022_사업체수,target_생존율,target_폐업율,feat_2026_사업체수,feat_2026대비2022_증감률,feat_구YoY_사업자증감률
동구,교육 서비스업,404,83.7,16.3,614.0,51.98,0.77
동구,도매 및 소매업,4709,86.4,13.6,3416.0,-27.46,0.77
동구,보건업 및 사회복지 서비스업,192,91.7,8.3,354.0,84.38,0.77
동구,부동산업,625,88.8,11.2,383.0,-38.72,0.77
동구,사업시설 관리 사업 지원 및 임대 서비스업,126,90.5,9.5,500.0,296.83,0.77
동구,숙박 및 음식점업,2821,74.5,25.5,3605.0,27.79,0.77
동구,예술 스포츠 및 여가관련 서비스업,354,76.3,23.7,472.0,33.33,0.77
동구,전문 과학 및 기술 서비스업,350,89.1,10.9,903.0,158.0,0.77
동구,협회 및 단체 수리 및 기타 개인 서비스업,1282,86.7,13.3,1577.0,23.01,0.77
중구,교육 서비스업,504,79.6,20.4,830.0,64.68,0.79
중구,도매 및 소매업,4898,83.5,16.5,3844.0,-21.52,0.79
중구,보건업 및 사회복지 서비스업,192,89.6,10.4,358.0,86.46,0.79
중구,부동산업,688,86.8,13.2,357.0,-48.11,0.79
중구,사업시설 관리 사업 지원 및 임대 서비스업,885,88.2,11.8,603.0,-31.86,0.79
중구,숙박 및 음식점업,3480,72.8,27.2,4242.0,21.9,0.79
중구,예술 스포츠 및 여가관련 서비스업,437,73.5,26.5,572.0,30.89,0.79
중구,전문 과학 및 기술 서비스업,511,89.0,11.0,915.0,79.06,0.79
중구,협회 및 단체 수리 및 기타 개인 서비스업,1645,86.0,14.0,1762.0,7.11,0.79
서구,교육 서비스업,1311,83.2,16.8,2367.0,80.55,0.85
서구,도매 및 소매업,7299,84.2,15.8,6252.0,-14.34,0.85
서구,보건업 및 사회복지 서비스업,442,94.8,5.2,949.0,114.71,0.85
서구,부동산업,1588,90.9,9.1,1016.0,-36.02,0.85
서구,사업시설 관리 사업 지원 및 임대 서비스업,468,90.4,9.6,1276.0,172.65,0.85
서구,숙박 및 음식점업,5483,69.9,30.1,7635.0,39.25,0.85
서구,예술 스포츠 및 여가관련 서비스업,914,72.0,28.0,1309.0,43.22,0.85
서구,전문 과학 및 기술 서비스업,911,91.7,8.3,3090.0,239.19,0.85
서구,협회 및 단체 수리 및 기타 개인 서비스업,2996,85.7,14.3,3859.0,28.81,0.85
유성구,교육 서비스업,975,83.9,16.1,1270.0,30.26,2.71
유성구,도매 및 소매업,4914,84.0,16.0,4477.0,-8.89,2.71
유성구,보건업 및 사회복지 서비스업,261,93.5,6.5,222.0,-14.94,2.71
유성구,부동산업,1481,89.2,10.8,830.0,-43.96,2.71
유성구,사업시설 관리 사업 지원 및 임대 서비스업,236,89.0,11.0,749.0,217.37,2.71
유성구,숙박 및 음식점업,4294,71.0,29.0,6440.0,49.98,2.71
유성구,예술 스포츠 및 여가관련 서비스업,560,74.5,25.5,859.0,53.39,2.71
유성구,전문 과학 및 기술 서비스업,534,91.8,8.2,1867.0,249.63,2.71
유성구,협회 및 단체 수리 및 기타 개인 서비스업,1977,85.6,14.4,2427.0,22.76,2.71
대덕구,교육 서비스업,355,80.3,19.7,318.0,-10.42,-0.61
대덕구,도매 및 소매업,4232,88.8,11.2,2225.0,-47.42,-0.61
대덕구,보건업 및 사회복지 서비스업,121,92.6,7.4,61.0,-49.59,-0.61
대덕구,부동산업,541,91.1,8.9,217.0,-59.89,-0.61
대덕구,사업시설 관리 사업 지원 및 임대 서비스업,248,89.9,10.1,379.0,52.82,-0.61
대덕구,숙박 및 음식점업,2304,74.4,25.6,2832.0,22.92,-0.61
대덕구,예술 스포츠 및 여가관련 서비스업,358,73.7,26.3,477.0,33.24,-0.61
대덕구,전문 과학 및 기술 서비스업,331,90.9,9.1,630.0,90.33,-0.61
대덕구,협회 및 단체 수리 및 기타 개인 서비스업,1165,87.0,13.0,1364.0,17.08,-0.61
