도로구분,개통연장 및 포장여부,2010,2011,2012,2013,2014,2015,2016,2017,2018,2019,2020,2021,2022,2023
고속도로,개통연장(m),76140,76140,76140,76140,76140,76140,76140,76140,76140,76140,76140,76140,76140,76140
일반국도,개통연장(m),83887,83887,83887,83887,83887,83887,83887,83887,83887,83887,83887,83887,83887,83887
일반국도,포장(m),83887,83887,83887,83887,83887,83887,83887,83887,83887,83887,83887,83887,83887,83887
일반국도,포장률(%),100,100,100,100,100,100,100,100,100,100,100,100,100,100
일반국도,미포장(m),0,0,0,0,0,0,0,0,0,0,0,0,0,0
일반국도,미개통(m),0,0,0,0,0,0,0,0,0,0,0,0,0,0
광역시도,개통연장(m),2098877,2071181,2124288,2071181,1876415,1886206,1925178,1945565,2069033,1951201,1955640,1975802,1983856,1994467
광역시도,포장(m),1732725,1739256,1838853,1887813,1876415,1886206,1925178,1945565,1949785,1951201,1955640,1975802,1983856,1994467
광역시도,포장률(%),100,100,100,100,100,100,100,100,100,100,100,100,100,100
광역시도,미포장(m),0,0,0,0,0,0,0,0,0,0,0,0,0,0
광역시도,미개통(m),366152,331924,285435,183368,194766,320203,239978,247553,119248,0,0,59261,57954,54084
지방도,개통연장(m),36006,36006,36006,36006,30446,30446,30446,30446,30446,30446,30446,30446,,30446
지방도,포장(m),30446,30446,30446,30446,30446,30446,30446,30446,30446,30446,30446,30446,30446,30446
지방도,포장률(%),100,100,100,100,100,100,100,100,100,100,100,100,100,100
지방도,미포장(m),0,0,0,0,0,0,0,0,0,0,0,0,0,0
지방도,미개통(m),5560,5560,5560,5560,0,0,0,0,0,0,0,0,0,0
