"순번","기준년","기준월","상권코드","상권명","행정동코드","행정동명","성별코드","성별","비율","데이터생성일자"
367,"2021","01","1",가수원상점가 주변 상권,"3017059000",가수원동,f,여성,49.08,"2023-05-10"
365,"2021","01","1",가수원상점가 주변 상권,"3017059000",가수원동,m,남성,50.92,"2023-05-10"
213,"2021","01","2",한민시장 주변 상권,"3017056000",괴정동,f,여성,49.53,"2023-05-10"
214,"2021","01","2",한민시장 주변 상권,"3017056000",괴정동,m,남성,50.47,"2023-05-10"
230,"2021","01","2",한민시장 주변 상권,"3017057000",가장동,f,여성,52.41,"2023-05-10"
225,"2021","01","2",한민시장 주변 상권,"3017057000",가장동,m,남성,47.59,"2023-05-10"
264,"2021","01","2",한민시장 주변 상권,"3017057500",내동,f,여성,51.59,"2023-05-10"
263,"2021","01","2",한민시장 주변 상권,"3017057500",내동,m,남성,48.41,"2023-05-10"
69,"2021","01","3",롯데백화점 주변 상권,"3017055000",용문동,f,여성,52.39,"2023-05-10"
67,"2021","01","3",롯데백화점 주변 상권,"3017055000",용문동,m,남성,47.61,"2023-05-10"
83,"2021","01","3",롯데백화점 주변 상권,"3017055500",탄방동,f,여성,52.62,"2023-05-10"
84,"2021","01","3",롯데백화점 주변 상권,"3017055500",탄방동,m,남성,47.38,"2023-05-10"
185,"2021","01","3",롯데백화점 주변 상권,"3017056000",괴정동,f,여성,47.85,"2023-05-10"
194,"2021","01","3",롯데백화점 주변 상권,"3017056000",괴정동,m,남성,52.15,"2023-05-10"
608,"2021","01","4",갤러리아백화점 주변 상권,"3017064000",둔산2동,f,여성,52.85,"2023-05-10"
607,"2021","01","4",갤러리아백화점 주변 상권,"3017064000",둔산2동,m,남성,47.15,"2023-05-10"
333,"2021","01","5",이마트 둔산점 주변 상권,"3017058700",월평2동,f,여성,50.32,"2023-05-10"
301,"2021","01","5",이마트 둔산점 주변 상권,"3017058700",월평2동,m,남성,49.68,"2023-05-10"
580,"2021","01","5",이마트 둔산점 주변 상권,"3017064000",둔산2동,f,여성,51.89,"2023-05-10"
579,"2021","01","5",이마트 둔산점 주변 상권,"3017064000",둔산2동,m,남성,48.11,"2023-05-10"
520,"2021","01","6",사학연금회관 뒤편(토요코인호텔) 주변 상권,"3017063000",둔산1동,f,여성,43.38,"2023-05-10"
519,"2021","01","6",사학연금회관 뒤편(토요코인호텔) 주변 상권,"3017063000",둔산1동,m,남성,56.62,"2023-05-10"
642,"2021","01","6",사학연금회관 뒤편(토요코인호텔) 주변 상권,"3017064000",둔산2동,f,여성,50.59,"2023-05-10"
641,"2021","01","6",사학연금회관 뒤편(토요코인호텔) 주변 상권,"3017064000",둔산2동,m,남성,49.41,"2023-05-10"
386,"2021","01","7",대주프라자 주변 상권,"3017059600",관저1동,f,여성,52.21,"2023-05-10"
393,"2021","01","7",대주프라자 주변 상권,"3017059600",관저1동,m,남성,47.79,"2023-05-10"
410,"2021","01","7",대주프라자 주변 상권,"3017059700",관저2동,f,여성,51.26,"2023-05-10"
411,"2021","01","7",대주프라자 주변 상권,"3017059700",관저2동,m,남성,48.74,"2023-05-10"
412,"2021","01","8",마치광장골목형상점가 주변 상권,"3017059700",관저2동,f,여성,50.60,"2023-05-10"
413,"2021","01","8",마치광장골목형상점가 주변 상권,"3017059700",관저2동,m,남성,49.40,"2023-05-10"
110,"2021","01","9",둔산3동상점가 주변 상권,"3017055500",탄방동,f,여성,46.20,"2023-05-10"
111,"2021","01","9",둔산3동상점가 주변 상권,"3017055500",탄방동,m,남성,53.80,"2023-05-10"
680,"2021","01","9",둔산3동상점가 주변 상권,"3017066000",둔산3동,f,여성,51.07,"2023-05-10"
679,"2021","01","9",둔산3동상점가 주변 상권,"3017066000",둔산3동,m,남성,48.93,"2023-05-10"
19,"2021","01","10",도마큰시장 주변 상권,"3017052000",도마1동,f,여성,48.90,"2023-05-10"
1,"2021","01","10",도마큰시장 주변 상권,"3017052000",도마1동,m,남성,51.10,"2023-05-10"
42,"2021","01","10",도마큰시장 주변 상권,"3017053000",도마2동,f,여성,47.73,"2023-05-10"
43,"2021","01","10",도마큰시장 주변 상권,"3017053000",도마2동,m,남성,52.27,"2023-05-10"
286,"2021","01","11",이마트 트레이더스 월평점 주변 상권,"3017058600",월평1동,f,여성,43.06,"2023-05-10"
287,"2021","01","11",이마트 트레이더스 월평점 주변 상권,"3017058600",월평1동,m,남성,56.94,"2023-05-10"
342,"2021","01","11",이마트 트레이더스 월평점 주변 상권,"3017058800",월평3동,f,여성,47.79,"2023-05-10"
341,"2021","01","11",이마트 트레이더스 월평점 주변 상권,"3017058800",월평3동,m,남성,52.21,"2023-05-10"
118,"2021","01","12",세이디에스탄방점 주변 상권,"3017055500",탄방동,f,여성,51.83,"2023-05-10"
119,"2021","01","12",세이디에스탄방점 주변 상권,"3017055500",탄방동,m,남성,48.17,"2023-05-10"
463,"2021","01","12",세이디에스탄방점 주변 상권,"3017063000",둔산1동,f,여성,49.46,"2023-05-10"
464,"2021","01","12",세이디에스탄방점 주변 상권,"3017063000",둔산1동,m,남성,50.54,"2023-05-10"
120,"2021","01","13",대전시청역 주변 상권,"3017055500",탄방동,f,여성,49.79,"2023-05-10"
121,"2021","01","13",대전시청역 주변 상권,"3017055500",탄방동,m,남성,50.21,"2023-05-10"
477,"2021","01","13",대전시청역 주변 상권,"3017063000",둔산1동,f,여성,49.08,"2023-05-10"
478,"2021","01","13",대전시청역 주변 상권,"3017063000",둔산1동,m,남성,50.92,"2023-05-10"
640,"2021","01","13",대전시청역 주변 상권,"3017064000",둔산2동,f,여성,46.23,"2023-05-10"
639,"2021","01","13",대전시청역 주변 상권,"3017064000",둔산2동,m,남성,53.77,"2023-05-10"
322,"2021","01","14",서구 보건소 주변 상권,"3017058700",월평2동,f,여성,49.09,"2023-05-10"
321,"2021","01","14",서구 보건소 주변 상권,"3017058700",월평2동,m,남성,50.91,"2023-05-10"
636,"2021","01","14",서구 보건소 주변 상권,"3017064000",둔산2동,f,여성,47.83,"2023-05-10"
635,"2021","01","14",서구 보건소 주변 상권,"3017064000",둔산2동,m,남성,52.17,"2023-05-10"
653,"2021","01","14",서구 보건소 주변 상권,"3017065000",만년동,f,여성,45.59,"2023-05-10"
652,"2021","01","14",서구 보건소 주변 상권,"3017065000",만년동,m,남성,54.41,"2023-05-10"
362,"2021","02","1",가수원상점가 주변 상권,"3017059000",가수원동,f,여성,49.30,"2023-05-10"
379,"2021","02","1",가수원상점가 주변 상권,"3017059000",가수원동,m,남성,50.70,"2023-05-10"
173,"2021","02","2",한민시장 주변 상권,"3017056000",괴정동,f,여성,48.82,"2023-05-10"
174,"2021","02","2",한민시장 주변 상권,"3017056000",괴정동,m,남성,51.18,"2023-05-10"
236,"2021","02","2",한민시장 주변 상권,"3017057000",가장동,f,여성,52.72,"2023-05-10"
219,"2021","02","2",한민시장 주변 상권,"3017057000",가장동,m,남성,47.28,"2023-05-10"
258,"2021","02","2",한민시장 주변 상권,"3017057500",내동,f,여성,51.79,"2023-05-10"
259,"2021","02","2",한민시장 주변 상권,"3017057500",내동,m,남성,48.21,"2023-05-10"
56,"2021","02","3",롯데백화점 주변 상권,"3017055000",용문동,f,여성,52.55,"2023-05-10"
57,"2021","02","3",롯데백화점 주변 상권,"3017055000",용문동,m,남성,47.45,"2023-05-10"
132,"2021","02","3",롯데백화점 주변 상권,"3017055500",탄방동,f,여성,53.57,"2023-05-10"
133,"2021","02","3",롯데백화점 주변 상권,"3017055500",탄방동,m,남성,46.43,"2023-05-10"
175,"2021","02","3",롯데백화점 주변 상권,"3017056000",괴정동,f,여성,47.52,"2023-05-10"
176,"2021","02","3",롯데백화점 주변 상권,"3017056000",괴정동,m,남성,52.48,"2023-05-10"
628,"2021","02","4",갤러리아백화점 주변 상권,"3017064000",둔산2동,f,여성,53.04,"2023-05-10"
627,"2021","02","4",갤러리아백화점 주변 상권,"3017064000",둔산2동,m,남성,46.96,"2023-05-10"
316,"2021","02","5",이마트 둔산점 주변 상권,"3017058700",월평2동,f,여성,50.65,"2023-05-10"
315,"2021","02","5",이마트 둔산점 주변 상권,"3017058700",월평2동,m,남성,49.35,"2023-05-10"
626,"2021","02","5",이마트 둔산점 주변 상권,"3017064000",둔산2동,f,여성,52.05,"2023-05-10"
625,"2021","02","5",이마트 둔산점 주변 상권,"3017064000",둔산2동,m,남성,47.95,"2023-05-10"
517,"2021","02","6",사학연금회관 뒤편(토요코인호텔) 주변 상권,"3017063000",둔산1동,f,여성,45.61,"2023-05-10"
518,"2021","02","6",사학연금회관 뒤편(토요코인호텔) 주변 상권,"3017063000",둔산1동,m,남성,54.39,"2023-05-10"
624,"2021","02","6",사학연금회관 뒤편(토요코인호텔) 주변 상권,"3017064000",둔산2동,f,여성,51.09,"2023-05-10"
623,"2021","02","6",사학연금회관 뒤편(토요코인호텔) 주변 상권,"3017064000",둔산2동,m,남성,48.91,"2023-05-10"
408,"2021","02","7",대주프라자 주변 상권,"3017059600",관저1동,f,여성,52.54,"2023-05-10"
387,"2021","02","7",대주프라자 주변 상권,"3017059600",관저1동,m,남성,47.46,"2023-05-10"
414,"2021","02","7",대주프라자 주변 상권,"3017059700",관저2동,f,여성,51.78,"2023-05-10"
415,"2021","02","7",대주프라자 주변 상권,"3017059700",관저2동,m,남성,48.22,"2023-05-10"
416,"2021","02","8",마치광장골목형상점가 주변 상권,"3017059700",관저2동,f,여성,50.97,"2023-05-10"
417,"2021","02","8",마치광장골목형상점가 주변 상권,"3017059700",관저2동,m,남성,49.03,"2023-05-10"
145,"2021","02","9",둔산3동상점가 주변 상권,"3017055500",탄방동,f,여성,46.41,"2023-05-10"
146,"2021","02","9",둔산3동상점가 주변 상권,"3017055500",탄방동,m,남성,53.59,"2023-05-10"
692,"2021","02","9",둔산3동상점가 주변 상권,"3017066000",둔산3동,f,여성,50.69,"2023-05-10"
691,"2021","02","9",둔산3동상점가 주변 상권,"3017066000",둔산3동,m,남성,49.31,"2023-05-10"
7,"2021","02","10",도마큰시장 주변 상권,"3017052000",도마1동,f,여성,49.20,"2023-05-10"
8,"2021","02","10",도마큰시장 주변 상권,"3017052000",도마1동,m,남성,50.80,"2023-05-10"
45,"2021","02","10",도마큰시장 주변 상권,"3017053000",도마2동,f,여성,47.98,"2023-05-10"
46,"2021","02","10",도마큰시장 주변 상권,"3017053000",도마2동,m,남성,52.02,"2023-05-10"
270,"2021","02","11",이마트 트레이더스 월평점 주변 상권,"3017058600",월평1동,f,여성,42.39,"2023-05-10"
266,"2021","02","11",이마트 트레이더스 월평점 주변 상권,"3017058600",월평1동,m,남성,57.61,"2023-05-10"
359,"2021","02","11",이마트 트레이더스 월평점 주변 상권,"3017058800",월평3동,f,여성,47.17,"2023-05-10"
360,"2021","02","11",이마트 트레이더스 월평점 주변 상권,"3017058800",월평3동,m,남성,52.83,"2023-05-10"
149,"2021","02","12",세이디에스탄방점 주변 상권,"3017055500",탄방동,f,여성,52.09,"2023-05-10"
150,"2021","02","12",세이디에스탄방점 주변 상권,"3017055500",탄방동,m,남성,47.91,"2023-05-10"
459,"2021","02","12",세이디에스탄방점 주변 상권,"3017063000",둔산1동,f,여성,49.26,"2023-05-10"
460,"2021","02","12",세이디에스탄방점 주변 상권,"3017063000",둔산1동,m,남성,50.74,"2023-05-10"
153,"2021","02","13",대전시청역 주변 상권,"3017055500",탄방동,f,여성,49.14,"2023-05-10"
97,"2021","02","13",대전시청역 주변 상권,"3017055500",탄방동,m,남성,50.86,"2023-05-10"
479,"2021","02","13",대전시청역 주변 상권,"3017063000",둔산1동,f,여성,48.54,"2023-05-10"
480,"2021","02","13",대전시청역 주변 상권,"3017063000",둔산1동,m,남성,51.46,"2023-05-10"
620,"2021","02","13",대전시청역 주변 상권,"3017064000",둔산2동,f,여성,44.90,"2023-05-10"
619,"2021","02","13",대전시청역 주변 상권,"3017064000",둔산2동,m,남성,55.10,"2023-05-10"
306,"2021","02","14",서구 보건소 주변 상권,"3017058700",월평2동,f,여성,49.06,"2023-05-10"
305,"2021","02","14",서구 보건소 주변 상권,"3017058700",월평2동,m,남성,50.94,"2023-05-10"
616,"2021","02","14",서구 보건소 주변 상권,"3017064000",둔산2동,f,여성,48.01,"2023-05-10"
615,"2021","02","14",서구 보건소 주변 상권,"3017064000",둔산2동,m,남성,51.99,"2023-05-10"
661,"2021","02","14",서구 보건소 주변 상권,"3017065000",만년동,f,여성,46.10,"2023-05-10"
660,"2021","02","14",서구 보건소 주변 상권,"3017065000",만년동,m,남성,53.90,"2023-05-10"
380,"2021","03","1",가수원상점가 주변 상권,"3017059000",가수원동,f,여성,49.84,"2023-05-10"
383,"2021","03","1",가수원상점가 주변 상권,"3017059000",가수원동,m,남성,50.16,"2023-05-10"
181,"2021","03","2",한민시장 주변 상권,"3017056000",괴정동,f,여성,48.92,"2023-05-10"
182,"2021","03","2",한민시장 주변 상권,"3017056000",괴정동,m,남성,51.08,"2023-05-10"
232,"2021","03","2",한민시장 주변 상권,"3017057000",가장동,f,여성,52.67,"2023-05-10"
231,"2021","03","2",한민시장 주변 상권,"3017057000",가장동,m,남성,47.33,"2023-05-10"
249,"2021","03","2",한민시장 주변 상권,"3017057500",내동,f,여성,52.01,"2023-05-10"
248,"2021","03","2",한민시장 주변 상권,"3017057500",내동,m,남성,47.99,"2023-05-10"
60,"2021","03","3",롯데백화점 주변 상권,"3017055000",용문동,f,여성,52.30,"2023-05-10"
61,"2021","03","3",롯데백화점 주변 상권,"3017055000",용문동,m,남성,47.70,"2023-05-10"
73,"2021","03","3",롯데백화점 주변 상권,"3017055500",탄방동,f,여성,54.08,"2023-05-10"
74,"2021","03","3",롯데백화점 주변 상권,"3017055500",탄방동,m,남성,45.92,"2023-05-10"
183,"2021","03","3",롯데백화점 주변 상권,"3017056000",괴정동,f,여성,48.44,"2023-05-10"
184,"2021","03","3",롯데백화점 주변 상권,"3017056000",괴정동,m,남성,51.56,"2023-05-10"
614,"2021","03","4",갤러리아백화점 주변 상권,"3017064000",둔산2동,f,여성,52.49,"2023-05-10"
613,"2021","03","4",갤러리아백화점 주변 상권,"3017064000",둔산2동,m,남성,47.51,"2023-05-10"
302,"2021","03","5",이마트 둔산점 주변 상권,"3017058700",월평2동,f,여성,50.95,"2023-05-10"
298,"2021","03","5",이마트 둔산점 주변 상권,"3017058700",월평2동,m,남성,49.05,"2023-05-10"
612,"2021","03","5",이마트 둔산점 주변 상권,"3017064000",둔산2동,f,여성,52.40,"2023-05-10"
611,"2021","03","5",이마트 둔산점 주변 상권,"3017064000",둔산2동,m,남성,47.60,"2023-05-10"
503,"2021","03","6",사학연금회관 뒤편(토요코인호텔) 주변 상권,"3017063000",둔산1동,f,여성,46.13,"2023-05-10"
504,"2021","03","6",사학연금회관 뒤편(토요코인호텔) 주변 상권,"3017063000",둔산1동,m,남성,53.87,"2023-05-10"
610,"2021","03","6",사학연금회관 뒤편(토요코인호텔) 주변 상권,"3017064000",둔산2동,f,여성,51.89,"2023-05-10"
609,"2021","03","6",사학연금회관 뒤편(토요코인호텔) 주변 상권,"3017064000",둔산2동,m,남성,48.11,"2023-05-10"
398,"2021","03","7",대주프라자 주변 상권,"3017059600",관저1동,f,여성,53.25,"2023-05-10"
399,"2021","03","7",대주프라자 주변 상권,"3017059600",관저1동,m,남성,46.75,"2023-05-10"
418,"2021","03","7",대주프라자 주변 상권,"3017059700",관저2동,f,여성,52.51,"2023-05-10"
419,"2021","03","7",대주프라자 주변 상권,"3017059700",관저2동,m,남성,47.49,"2023-05-10"
420,"2021","03","8",마치광장골목형상점가 주변 상권,"3017059700",관저2동,f,여성,51.65,"2023-05-10"
421,"2021","03","8",마치광장골목형상점가 주변 상권,"3017059700",관저2동,m,남성,48.35,"2023-05-10"
85,"2021","03","9",둔산3동상점가 주변 상권,"3017055500",탄방동,f,여성,45.81,"2023-05-10"
86,"2021","03","9",둔산3동상점가 주변 상권,"3017055500",탄방동,m,남성,54.19,"2023-05-10"
684,"2021","03","9",둔산3동상점가 주변 상권,"3017066000",둔산3동,f,여성,52.21,"2023-05-10"
683,"2021","03","9",둔산3동상점가 주변 상권,"3017066000",둔산3동,m,남성,47.79,"2023-05-10"
2,"2021","03","10",도마큰시장 주변 상권,"3017052000",도마1동,f,여성,47.55,"2023-05-10"
3,"2021","03","10",도마큰시장 주변 상권,"3017052000",도마1동,m,남성,52.45,"2023-05-10"
33,"2021","03","10",도마큰시장 주변 상권,"3017053000",도마2동,f,여성,45.34,"2023-05-10"
34,"2021","03","10",도마큰시장 주변 상권,"3017053000",도마2동,m,남성,54.66,"2023-05-10"
267,"2021","03","11",이마트 트레이더스 월평점 주변 상권,"3017058600",월평1동,f,여성,42.25,"2023-05-10"
265,"2021","03","11",이마트 트레이더스 월평점 주변 상권,"3017058600",월평1동,m,남성,57.75,"2023-05-10"
351,"2021","03","11",이마트 트레이더스 월평점 주변 상권,"3017058800",월평3동,f,여성,47.62,"2023-05-10"
344,"2021","03","11",이마트 트레이더스 월평점 주변 상권,"3017058800",월평3동,m,남성,52.38,"2023-05-10"
90,"2021","03","12",세이디에스탄방점 주변 상권,"3017055500",탄방동,f,여성,52.36,"2023-05-10"
91,"2021","03","12",세이디에스탄방점 주변 상권,"3017055500",탄방동,m,남성,47.64,"2023-05-10"
513,"2021","03","12",세이디에스탄방점 주변 상권,"3017063000",둔산1동,f,여성,49.52,"2023-05-10"
514,"2021","03","12",세이디에스탄방점 주변 상권,"3017063000",둔산1동,m,남성,50.48,"2023-05-10"
93,"2021","03","13",대전시청역 주변 상권,"3017055500",탄방동,f,여성,49.09,"2023-05-10"
94,"2021","03","13",대전시청역 주변 상권,"3017055500",탄방동,m,남성,50.91,"2023-05-10"
522,"2021","03","13",대전시청역 주변 상권,"3017063000",둔산1동,f,여성,48.33,"2023-05-10"
521,"2021","03","13",대전시청역 주변 상권,"3017063000",둔산1동,m,남성,51.67,"2023-05-10"
602,"2021","03","13",대전시청역 주변 상권,"3017064000",둔산2동,f,여성,43.62,"2023-05-10"
601,"2021","03","13",대전시청역 주변 상권,"3017064000",둔산2동,m,남성,56.38,"2023-05-10"
291,"2021","03","14",서구 보건소 주변 상권,"3017058700",월평2동,f,여성,48.47,"2023-05-10"
290,"2021","03","14",서구 보건소 주변 상권,"3017058700",월평2동,m,남성,51.53,"2023-05-10"
600,"2021","03","14",서구 보건소 주변 상권,"3017064000",둔산2동,f,여성,47.88,"2023-05-10"
599,"2021","03","14",서구 보건소 주변 상권,"3017064000",둔산2동,m,남성,52.12,"2023-05-10"
650,"2021","03","14",서구 보건소 주변 상권,"3017065000",만년동,f,여성,46.55,"2023-05-10"
651,"2021","03","14",서구 보건소 주변 상권,"3017065000",만년동,m,남성,53.45,"2023-05-10"
370,"2021","04","1",가수원상점가 주변 상권,"3017059000",가수원동,f,여성,48.98,"2023-05-10"
366,"2021","04","1",가수원상점가 주변 상권,"3017059000",가수원동,m,남성,51.02,"2023-05-10"
188,"2021","04","2",한민시장 주변 상권,"3017056000",괴정동,f,여성,49.92,"2023-05-10"
189,"2021","04","2",한민시장 주변 상권,"3017056000",괴정동,m,남성,50.08,"2023-05-10"
226,"2021","04","2",한민시장 주변 상권,"3017057000",가장동,f,여성,53.58,"2023-05-10"
227,"2021","04","2",한민시장 주변 상권,"3017057000",가장동,m,남성,46.42,"2023-05-10"
245,"2021","04","2",한민시장 주변 상권,"3017057500",내동,f,여성,52.12,"2023-05-10"
246,"2021","04","2",한민시장 주변 상권,"3017057500",내동,m,남성,47.88,"2023-05-10"
72,"2021","04","3",롯데백화점 주변 상권,"3017055000",용문동,f,여성,52.35,"2023-05-10"
54,"2021","04","3",롯데백화점 주변 상권,"3017055000",용문동,m,남성,47.65,"2023-05-10"
104,"2021","04","3",롯데백화점 주변 상권,"3017055500",탄방동,f,여성,53.34,"2023-05-10"
105,"2021","04","3",롯데백화점 주변 상권,"3017055500",탄방동,m,남성,46.66,"2023-05-10"
190,"2021","04","3",롯데백화점 주변 상권,"3017056000",괴정동,f,여성,48.71,"2023-05-10"
191,"2021","04","3",롯데백화점 주변 상권,"3017056000",괴정동,m,남성,51.29,"2023-05-10"
598,"2021","04","4",갤러리아백화점 주변 상권,"3017064000",둔산2동,f,여성,53.39,"2023-05-10"
597,"2021","04","4",갤러리아백화점 주변 상권,"3017064000",둔산2동,m,남성,46.61,"2023-05-10"
334,"2021","04","5",이마트 둔산점 주변 상권,"3017058700",월평2동,f,여성,51.39,"2023-05-10"
289,"2021","04","5",이마트 둔산점 주변 상권,"3017058700",월평2동,m,남성,48.61,"2023-05-10"
596,"2021","04","5",이마트 둔산점 주변 상권,"3017064000",둔산2동,f,여성,52.43,"2023-05-10"
595,"2021","04","5",이마트 둔산점 주변 상권,"3017064000",둔산2동,m,남성,47.57,"2023-05-10"
508,"2021","04","6",사학연금회관 뒤편(토요코인호텔) 주변 상권,"3017063000",둔산1동,f,여성,46.25,"2023-05-10"
507,"2021","04","6",사학연금회관 뒤편(토요코인호텔) 주변 상권,"3017063000",둔산1동,m,남성,53.75,"2023-05-10"
594,"2021","04","6",사학연금회관 뒤편(토요코인호텔) 주변 상권,"3017064000",둔산2동,f,여성,51.78,"2023-05-10"
593,"2021","04","6",사학연금회관 뒤편(토요코인호텔) 주변 상권,"3017064000",둔산2동,m,남성,48.22,"2023-05-10"
402,"2021","04","7",대주프라자 주변 상권,"3017059600",관저1동,f,여성,53.33,"2023-05-10"
403,"2021","04","7",대주프라자 주변 상권,"3017059600",관저1동,m,남성,46.67,"2023-05-10"
422,"2021","04","7",대주프라자 주변 상권,"3017059700",관저2동,f,여성,52.68,"2023-05-10"
423,"2021","04","7",대주프라자 주변 상권,"3017059700",관저2동,m,남성,47.32,"2023-05-10"
424,"2021","04","8",마치광장골목형상점가 주변 상권,"3017059700",관저2동,f,여성,51.99,"2023-05-10"
425,"2021","04","8",마치광장골목형상점가 주변 상권,"3017059700",관저2동,m,남성,48.01,"2023-05-10"
108,"2021","04","9",둔산3동상점가 주변 상권,"3017055500",탄방동,f,여성,45.99,"2023-05-10"
107,"2021","04","9",둔산3동상점가 주변 상권,"3017055500",탄방동,m,남성,54.01,"2023-05-10"
673,"2021","04","9",둔산3동상점가 주변 상권,"3017066000",둔산3동,f,여성,52.26,"2023-05-10"
677,"2021","04","9",둔산3동상점가 주변 상권,"3017066000",둔산3동,m,남성,47.74,"2023-05-10"
17,"2021","04","10",도마큰시장 주변 상권,"3017052000",도마1동,f,여성,50.05,"2023-05-10"
6,"2021","04","10",도마큰시장 주변 상권,"3017052000",도마1동,m,남성,49.95,"2023-05-10"
28,"2021","04","10",도마큰시장 주변 상권,"3017053000",도마2동,f,여성,48.73,"2023-05-10"
40,"2021","04","10",도마큰시장 주변 상권,"3017053000",도마2동,m,남성,51.27,"2023-05-10"
280,"2021","04","11",이마트 트레이더스 월평점 주변 상권,"3017058600",월평1동,f,여성,42.28,"2023-05-10"
279,"2021","04","11",이마트 트레이더스 월평점 주변 상권,"3017058600",월평1동,m,남성,57.72,"2023-05-10"
345,"2021","04","11",이마트 트레이더스 월평점 주변 상권,"3017058800",월평3동,f,여성,47.62,"2023-05-10"
346,"2021","04","11",이마트 트레이더스 월평점 주변 상권,"3017058800",월평3동,m,남성,52.38,"2023-05-10"
103,"2021","04","12",세이디에스탄방점 주변 상권,"3017055500",탄방동,f,여성,52.30,"2023-05-10"
102,"2021","04","12",세이디에스탄방점 주변 상권,"3017055500",탄방동,m,남성,47.70,"2023-05-10"
494,"2021","04","12",세이디에스탄방점 주변 상권,"3017063000",둔산1동,f,여성,49.86,"2023-05-10"
493,"2021","04","12",세이디에스탄방점 주변 상권,"3017063000",둔산1동,m,남성,50.14,"2023-05-10"
154,"2021","04","13",대전시청역 주변 상권,"3017055500",탄방동,f,여성,48.92,"2023-05-10"
96,"2021","04","13",대전시청역 주변 상권,"3017055500",탄방동,m,남성,51.08,"2023-05-10"
490,"2021","04","13",대전시청역 주변 상권,"3017063000",둔산1동,f,여성,48.64,"2023-05-10"
489,"2021","04","13",대전시청역 주변 상권,"3017063000",둔산1동,m,남성,51.36,"2023-05-10"
588,"2021","04","13",대전시청역 주변 상권,"3017064000",둔산2동,f,여성,44.02,"2023-05-10"
587,"2021","04","13",대전시청역 주변 상권,"3017064000",둔산2동,m,남성,55.98,"2023-05-10"
294,"2021","04","14",서구 보건소 주변 상권,"3017058700",월평2동,f,여성,48.16,"2023-05-10"
295,"2021","04","14",서구 보건소 주변 상권,"3017058700",월평2동,m,남성,51.84,"2023-05-10"
586,"2021","04","14",서구 보건소 주변 상권,"3017064000",둔산2동,f,여성,47.86,"2023-05-10"
585,"2021","04","14",서구 보건소 주변 상권,"3017064000",둔산2동,m,남성,52.14,"2023-05-10"
662,"2021","04","14",서구 보건소 주변 상권,"3017065000",만년동,f,여성,45.98,"2023-05-10"
663,"2021","04","14",서구 보건소 주변 상권,"3017065000",만년동,m,남성,54.02,"2023-05-10"
372,"2021","05","1",가수원상점가 주변 상권,"3017059000",가수원동,f,여성,49.78,"2023-05-10"
369,"2021","05","1",가수원상점가 주변 상권,"3017059000",가수원동,m,남성,50.22,"2023-05-10"
195,"2021","05","2",한민시장 주변 상권,"3017056000",괴정동,f,여성,49.92,"2023-05-10"
196,"2021","05","2",한민시장 주변 상권,"3017056000",괴정동,m,남성,50.08,"2023-05-10"
237,"2021","05","2",한민시장 주변 상권,"3017057000",가장동,f,여성,53.23,"2023-05-10"
238,"2021","05","2",한민시장 주변 상권,"3017057000",가장동,m,남성,46.77,"2023-05-10"
261,"2021","05","2",한민시장 주변 상권,"3017057500",내동,f,여성,52.70,"2023-05-10"
262,"2021","05","2",한민시장 주변 상권,"3017057500",내동,m,남성,47.30,"2023-05-10"
71,"2021","05","3",롯데백화점 주변 상권,"3017055000",용문동,f,여성,52.02,"2023-05-10"
70,"2021","05","3",롯데백화점 주변 상권,"3017055000",용문동,m,남성,47.98,"2023-05-10"
89,"2021","05","3",롯데백화점 주변 상권,"3017055500",탄방동,f,여성,53.10,"2023-05-10"
82,"2021","05","3",롯데백화점 주변 상권,"3017055500",탄방동,m,남성,46.90,"2023-05-10"
197,"2021","05","3",롯데백화점 주변 상권,"3017056000",괴정동,f,여성,48.33,"2023-05-10"
198,"2021","05","3",롯데백화점 주변 상권,"3017056000",괴정동,m,남성,51.67,"2023-05-10"
584,"2021","05","4",갤러리아백화점 주변 상권,"3017064000",둔산2동,f,여성,52.71,"2023-05-10"
583,"2021","05","4",갤러리아백화점 주변 상권,"3017064000",둔산2동,m,남성,47.29,"2023-05-10"
296,"2021","05","5",이마트 둔산점 주변 상권,"3017058700",월평2동,f,여성,50.96,"2023-05-10"
297,"2021","05","5",이마트 둔산점 주변 상권,"3017058700",월평2동,m,남성,49.04,"2023-05-10"
582,"2021","05","5",이마트 둔산점 주변 상권,"3017064000",둔산2동,f,여성,52.49,"2023-05-10"
581,"2021","05","5",이마트 둔산점 주변 상권,"3017064000",둔산2동,m,남성,47.51,"2023-05-10"
472,"2021","05","6",사학연금회관 뒤편(토요코인호텔) 주변 상권,"3017063000",둔산1동,f,여성,44.61,"2023-05-10"
471,"2021","05","6",사학연금회관 뒤편(토요코인호텔) 주변 상권,"3017063000",둔산1동,m,남성,55.39,"2023-05-10"
574,"2021","05","6",사학연금회관 뒤편(토요코인호텔) 주변 상권,"3017064000",둔산2동,f,여성,51.86,"2023-05-10"
573,"2021","05","6",사학연금회관 뒤편(토요코인호텔) 주변 상권,"3017064000",둔산2동,m,남성,48.14,"2023-05-10"
390,"2021","05","7",대주프라자 주변 상권,"3017059600",관저1동,f,여성,52.88,"2023-05-10"
389,"2021","05","7",대주프라자 주변 상권,"3017059600",관저1동,m,남성,47.12,"2023-05-10"
426,"2021","05","7",대주프라자 주변 상권,"3017059700",관저2동,f,여성,52.13,"2023-05-10"
427,"2021","05","7",대주프라자 주변 상권,"3017059700",관저2동,m,남성,47.87,"2023-05-10"
428,"2021","05","8",마치광장골목형상점가 주변 상권,"3017059700",관저2동,f,여성,51.55,"2023-05-10"
429,"2021","05","8",마치광장골목형상점가 주변 상권,"3017059700",관저2동,m,남성,48.45,"2023-05-10"
168,"2021","05","9",둔산3동상점가 주변 상권,"3017055500",탄방동,f,여성,46.31,"2023-05-10"
167,"2021","05","9",둔산3동상점가 주변 상권,"3017055500",탄방동,m,남성,53.69,"2023-05-10"
689,"2021","05","9",둔산3동상점가 주변 상권,"3017066000",둔산3동,f,여성,52.04,"2023-05-10"
690,"2021","05","9",둔산3동상점가 주변 상권,"3017066000",둔산3동,m,남성,47.96,"2023-05-10"
11,"2021","05","10",도마큰시장 주변 상권,"3017052000",도마1동,f,여성,49.89,"2023-05-10"
10,"2021","05","10",도마큰시장 주변 상권,"3017052000",도마1동,m,남성,50.11,"2023-05-10"
36,"2021","05","10",도마큰시장 주변 상권,"3017053000",도마2동,f,여성,49.17,"2023-05-10"
30,"2021","05","10",도마큰시장 주변 상권,"3017053000",도마2동,m,남성,50.83,"2023-05-10"
276,"2021","05","11",이마트 트레이더스 월평점 주변 상권,"3017058600",월평1동,f,여성,41.80,"2023-05-10"
274,"2021","05","11",이마트 트레이더스 월평점 주변 상권,"3017058600",월평1동,m,남성,58.20,"2023-05-10"
337,"2021","05","11",이마트 트레이더스 월평점 주변 상권,"3017058800",월평3동,f,여성,47.49,"2023-05-10"
340,"2021","05","11",이마트 트레이더스 월평점 주변 상권,"3017058800",월평3동,m,남성,52.51,"2023-05-10"
160,"2021","05","12",세이디에스탄방점 주변 상권,"3017055500",탄방동,f,여성,52.36,"2023-05-10"
159,"2021","05","12",세이디에스탄방점 주변 상권,"3017055500",탄방동,m,남성,47.64,"2023-05-10"
458,"2021","05","12",세이디에스탄방점 주변 상권,"3017063000",둔산1동,f,여성,49.49,"2023-05-10"
457,"2021","05","12",세이디에스탄방점 주변 상권,"3017063000",둔산1동,m,남성,50.51,"2023-05-10"
156,"2021","05","13",대전시청역 주변 상권,"3017055500",탄방동,f,여성,48.65,"2023-05-10"
155,"2021","05","13",대전시청역 주변 상권,"3017055500",탄방동,m,남성,51.35,"2023-05-10"
528,"2021","05","13",대전시청역 주변 상권,"3017063000",둔산1동,f,여성,48.26,"2023-05-10"
527,"2021","05","13",대전시청역 주변 상권,"3017063000",둔산1동,m,남성,51.74,"2023-05-10"
570,"2021","05","13",대전시청역 주변 상권,"3017064000",둔산2동,f,여성,43.78,"2023-05-10"
569,"2021","05","13",대전시청역 주변 상권,"3017064000",둔산2동,m,남성,56.22,"2023-05-10"
309,"2021","05","14",서구 보건소 주변 상권,"3017058700",월평2동,f,여성,49.31,"2023-05-10"
310,"2021","05","14",서구 보건소 주변 상권,"3017058700",월평2동,m,남성,50.69,"2023-05-10"
568,"2021","05","14",서구 보건소 주변 상권,"3017064000",둔산2동,f,여성,49.12,"2023-05-10"
567,"2021","05","14",서구 보건소 주변 상권,"3017064000",둔산2동,m,남성,50.88,"2023-05-10"
671,"2021","05","14",서구 보건소 주변 상권,"3017065000",만년동,f,여성,46.40,"2023-05-10"
672,"2021","05","14",서구 보건소 주변 상권,"3017065000",만년동,m,남성,53.60,"2023-05-10"
381,"2021","06","1",가수원상점가 주변 상권,"3017059000",가수원동,f,여성,49.59,"2023-05-10"
371,"2021","06","1",가수원상점가 주변 상권,"3017059000",가수원동,m,남성,50.41,"2023-05-10"
203,"2021","06","2",한민시장 주변 상권,"3017056000",괴정동,f,여성,50.45,"2023-05-10"
204,"2021","06","2",한민시장 주변 상권,"3017056000",괴정동,m,남성,49.55,"2023-05-10"
220,"2021","06","2",한민시장 주변 상권,"3017057000",가장동,f,여성,53.69,"2023-05-10"
221,"2021","06","2",한민시장 주변 상권,"3017057000",가장동,m,남성,46.31,"2023-05-10"
255,"2021","06","2",한민시장 주변 상권,"3017057500",내동,f,여성,53.34,"2023-05-10"
256,"2021","06","2",한민시장 주변 상권,"3017057500",내동,m,남성,46.66,"2023-05-10"
50,"2021","06","3",롯데백화점 주변 상권,"3017055000",용문동,f,여성,51.82,"2023-05-10"
66,"2021","06","3",롯데백화점 주변 상권,"3017055000",용문동,m,남성,48.18,"2023-05-10"
148,"2021","06","3",롯데백화점 주변 상권,"3017055500",탄방동,f,여성,53.67,"2023-05-10"
147,"2021","06","3",롯데백화점 주변 상권,"3017055500",탄방동,m,남성,46.33,"2023-05-10"
205,"2021","06","3",롯데백화점 주변 상권,"3017056000",괴정동,f,여성,48.67,"2023-05-10"
206,"2021","06","3",롯데백화점 주변 상권,"3017056000",괴정동,m,남성,51.33,"2023-05-10"
566,"2021","06","4",갤러리아백화점 주변 상권,"3017064000",둔산2동,f,여성,52.80,"2023-05-10"
565,"2021","06","4",갤러리아백화점 주변 상권,"3017064000",둔산2동,m,남성,47.20,"2023-05-10"
311,"2021","06","5",이마트 둔산점 주변 상권,"3017058700",월평2동,f,여성,51.75,"2023-05-10"
312,"2021","06","5",이마트 둔산점 주변 상권,"3017058700",월평2동,m,남성,48.25,"2023-05-10"
562,"2021","06","5",이마트 둔산점 주변 상권,"3017064000",둔산2동,f,여성,52.34,"2023-05-10"
561,"2021","06","5",이마트 둔산점 주변 상권,"3017064000",둔산2동,m,남성,47.66,"2023-05-10"
488,"2021","06","6",사학연금회관 뒤편(토요코인호텔) 주변 상권,"3017063000",둔산1동,f,여성,45.16,"2023-05-10"
487,"2021","06","6",사학연금회관 뒤편(토요코인호텔) 주변 상권,"3017063000",둔산1동,m,남성,54.84,"2023-05-10"
558,"2021","06","6",사학연금회관 뒤편(토요코인호텔) 주변 상권,"3017064000",둔산2동,f,여성,52.03,"2023-05-10"
557,"2021","06","6",사학연금회관 뒤편(토요코인호텔) 주변 상권,"3017064000",둔산2동,m,남성,47.97,"2023-05-10"
404,"2021","06","7",대주프라자 주변 상권,"3017059600",관저1동,f,여성,53.66,"2023-05-10"
385,"2021","06","7",대주프라자 주변 상권,"3017059600",관저1동,m,남성,46.34,"2023-05-10"
430,"2021","06","7",대주프라자 주변 상권,"3017059700",관저2동,f,여성,52.92,"2023-05-10"
431,"2021","06","7",대주프라자 주변 상권,"3017059700",관저2동,m,남성,47.08,"2023-05-10"
432,"2021","06","8",마치광장골목형상점가 주변 상권,"3017059700",관저2동,f,여성,52.35,"2023-05-10"
433,"2021","06","8",마치광장골목형상점가 주변 상권,"3017059700",관저2동,m,남성,47.65,"2023-05-10"
139,"2021","06","9",둔산3동상점가 주변 상권,"3017055500",탄방동,f,여성,46.67,"2023-05-10"
138,"2021","06","9",둔산3동상점가 주변 상권,"3017055500",탄방동,m,남성,53.33,"2023-05-10"
695,"2021","06","9",둔산3동상점가 주변 상권,"3017066000",둔산3동,f,여성,52.79,"2023-05-10"
674,"2021","06","9",둔산3동상점가 주변 상권,"3017066000",둔산3동,m,남성,47.21,"2023-05-10"
16,"2021","06","10",도마큰시장 주변 상권,"3017052000",도마1동,f,여성,50.65,"2023-05-10"
15,"2021","06","10",도마큰시장 주변 상권,"3017052000",도마1동,m,남성,49.35,"2023-05-10"
25,"2021","06","10",도마큰시장 주변 상권,"3017053000",도마2동,f,여성,49.49,"2023-05-10"
48,"2021","06","10",도마큰시장 주변 상권,"3017053000",도마2동,m,남성,50.51,"2023-05-10"
288,"2021","06","11",이마트 트레이더스 월평점 주변 상권,"3017058600",월평1동,f,여성,42.08,"2023-05-10"
271,"2021","06","11",이마트 트레이더스 월평점 주변 상권,"3017058600",월평1동,m,남성,57.92,"2023-05-10"
357,"2021","06","11",이마트 트레이더스 월평점 주변 상권,"3017058800",월평3동,f,여성,47.69,"2023-05-10"
358,"2021","06","11",이마트 트레이더스 월평점 주변 상권,"3017058800",월평3동,m,남성,52.31,"2023-05-10"
131,"2021","06","12",세이디에스탄방점 주변 상권,"3017055500",탄방동,f,여성,52.67,"2023-05-10"
130,"2021","06","12",세이디에스탄방점 주변 상권,"3017055500",탄방동,m,남성,47.33,"2023-05-10"
474,"2021","06","12",세이디에스탄방점 주변 상권,"3017063000",둔산1동,f,여성,50.17,"2023-05-10"
473,"2021","06","12",세이디에스탄방점 주변 상권,"3017063000",둔산1동,m,남성,49.83,"2023-05-10"
127,"2021","06","13",대전시청역 주변 상권,"3017055500",탄방동,f,여성,49.22,"2023-05-10"
126,"2021","06","13",대전시청역 주변 상권,"3017055500",탄방동,m,남성,50.78,"2023-05-10"
470,"2021","06","13",대전시청역 주변 상권,"3017063000",둔산1동,f,여성,48.54,"2023-05-10"
469,"2021","06","13",대전시청역 주변 상권,"3017063000",둔산1동,m,남성,51.46,"2023-05-10"
556,"2021","06","13",대전시청역 주변 상권,"3017064000",둔산2동,f,여성,44.24,"2023-05-10"
555,"2021","06","13",대전시청역 주변 상권,"3017064000",둔산2동,m,남성,55.76,"2023-05-10"
319,"2021","06","14",서구 보건소 주변 상권,"3017058700",월평2동,f,여성,48.21,"2023-05-10"
320,"2021","06","14",서구 보건소 주변 상권,"3017058700",월평2동,m,남성,51.79,"2023-05-10"
554,"2021","06","14",서구 보건소 주변 상권,"3017064000",둔산2동,f,여성,47.84,"2023-05-10"
553,"2021","06","14",서구 보건소 주변 상권,"3017064000",둔산2동,m,남성,52.16,"2023-05-10"
664,"2021","06","14",서구 보건소 주변 상권,"3017065000",만년동,f,여성,45.79,"2023-05-10"
665,"2021","06","14",서구 보건소 주변 상권,"3017065000",만년동,m,남성,54.21,"2023-05-10"
373,"2021","07","1",가수원상점가 주변 상권,"3017059000",가수원동,f,여성,49.25,"2023-05-10"
374,"2021","07","1",가수원상점가 주변 상권,"3017059000",가수원동,m,남성,50.75,"2023-05-10"
207,"2021","07","2",한민시장 주변 상권,"3017056000",괴정동,f,여성,50.41,"2023-05-10"
208,"2021","07","2",한민시장 주변 상권,"3017056000",괴정동,m,남성,49.59,"2023-05-10"
235,"2021","07","2",한민시장 주변 상권,"3017057000",가장동,f,여성,53.81,"2023-05-10"
233,"2021","07","2",한민시장 주변 상권,"3017057000",가장동,m,남성,46.19,"2023-05-10"
247,"2021","07","2",한민시장 주변 상권,"3017057500",내동,f,여성,53.18,"2023-05-10"
257,"2021","07","2",한민시장 주변 상권,"3017057500",내동,m,남성,46.82,"2023-05-10"
65,"2021","07","3",롯데백화점 주변 상권,"3017055000",용문동,f,여성,52.07,"2023-05-10"
62,"2021","07","3",롯데백화점 주변 상권,"3017055000",용문동,m,남성,47.93,"2023-05-10"
117,"2021","07","3",롯데백화점 주변 상권,"3017055500",탄방동,f,여성,54.39,"2023-05-10"
116,"2021","07","3",롯데백화점 주변 상권,"3017055500",탄방동,m,남성,45.61,"2023-05-10"
209,"2021","07","3",롯데백화점 주변 상권,"3017056000",괴정동,f,여성,49.12,"2023-05-10"
210,"2021","07","3",롯데백화점 주변 상권,"3017056000",괴정동,m,남성,50.88,"2023-05-10"
548,"2021","07","4",갤러리아백화점 주변 상권,"3017064000",둔산2동,f,여성,53.21,"2023-05-10"
547,"2021","07","4",갤러리아백화점 주변 상권,"3017064000",둔산2동,m,남성,46.79,"2023-05-10"
327,"2021","07","5",이마트 둔산점 주변 상권,"3017058700",월평2동,f,여성,51.93,"2023-05-10"
328,"2021","07","5",이마트 둔산점 주변 상권,"3017058700",월평2동,m,남성,48.07,"2023-05-10"
544,"2021","07","5",이마트 둔산점 주변 상권,"3017064000",둔산2동,f,여성,52.38,"2023-05-10"
543,"2021","07","5",이마트 둔산점 주변 상권,"3017064000",둔산2동,m,남성,47.62,"2023-05-10"
510,"2021","07","6",사학연금회관 뒤편(토요코인호텔) 주변 상권,"3017063000",둔산1동,f,여성,46.25,"2023-05-10"
509,"2021","07","6",사학연금회관 뒤편(토요코인호텔) 주변 상권,"3017063000",둔산1동,m,남성,53.75,"2023-05-10"
542,"2021","07","6",사학연금회관 뒤편(토요코인호텔) 주변 상권,"3017064000",둔산2동,f,여성,51.50,"2023-05-10"
541,"2021","07","6",사학연금회관 뒤편(토요코인호텔) 주변 상권,"3017064000",둔산2동,m,남성,48.50,"2023-05-10"
391,"2021","07","7",대주프라자 주변 상권,"3017059600",관저1동,f,여성,52.94,"2023-05-10"
392,"2021","07","7",대주프라자 주변 상권,"3017059600",관저1동,m,남성,47.06,"2023-05-10"
434,"2021","07","7",대주프라자 주변 상권,"3017059700",관저2동,f,여성,52.18,"2023-05-10"
435,"2021","07","7",대주프라자 주변 상권,"3017059700",관저2동,m,남성,47.82,"2023-05-10"
436,"2021","07","8",마치광장골목형상점가 주변 상권,"3017059700",관저2동,f,여성,51.57,"2023-05-10"
437,"2021","07","8",마치광장골목형상점가 주변 상권,"3017059700",관저2동,m,남성,48.43,"2023-05-10"
109,"2021","07","9",둔산3동상점가 주변 상권,"3017055500",탄방동,f,여성,47.00,"2023-05-10"
106,"2021","07","9",둔산3동상점가 주변 상권,"3017055500",탄방동,m,남성,53.00,"2023-05-10"
678,"2021","07","9",둔산3동상점가 주변 상권,"3017066000",둔산3동,f,여성,52.81,"2023-05-10"
681,"2021","07","9",둔산3동상점가 주변 상권,"3017066000",둔산3동,m,남성,47.19,"2023-05-10"
18,"2021","07","10",도마큰시장 주변 상권,"3017052000",도마1동,f,여성,50.56,"2023-05-10"
9,"2021","07","10",도마큰시장 주변 상권,"3017052000",도마1동,m,남성,49.44,"2023-05-10"
47,"2021","07","10",도마큰시장 주변 상권,"3017053000",도마2동,f,여성,49.76,"2023-05-10"
26,"2021","07","10",도마큰시장 주변 상권,"3017053000",도마2동,m,남성,50.24,"2023-05-10"
278,"2021","07","11",이마트 트레이더스 월평점 주변 상권,"3017058600",월평1동,f,여성,41.47,"2023-05-10"
281,"2021","07","11",이마트 트레이더스 월평점 주변 상권,"3017058600",월평1동,m,남성,58.53,"2023-05-10"
350,"2021","07","11",이마트 트레이더스 월평점 주변 상권,"3017058800",월평3동,f,여성,47.69,"2023-05-10"
349,"2021","07","11",이마트 트레이더스 월평점 주변 상권,"3017058800",월평3동,m,남성,52.31,"2023-05-10"
76,"2021","07","12",세이디에스탄방점 주변 상권,"3017055500",탄방동,f,여성,52.46,"2023-05-10"
75,"2021","07","12",세이디에스탄방점 주변 상권,"3017055500",탄방동,m,남성,47.54,"2023-05-10"
466,"2021","07","12",세이디에스탄방점 주변 상권,"3017063000",둔산1동,f,여성,50.18,"2023-05-10"
465,"2021","07","12",세이디에스탄방점 주변 상권,"3017063000",둔산1동,m,남성,49.82,"2023-05-10"
129,"2021","07","13",대전시청역 주변 상권,"3017055500",탄방동,f,여성,49.62,"2023-05-10"
128,"2021","07","13",대전시청역 주변 상권,"3017055500",탄방동,m,남성,50.38,"2023-05-10"
462,"2021","07","13",대전시청역 주변 상권,"3017063000",둔산1동,f,여성,49.03,"2023-05-10"
461,"2021","07","13",대전시청역 주변 상권,"3017063000",둔산1동,m,남성,50.97,"2023-05-10"
540,"2021","07","13",대전시청역 주변 상권,"3017064000",둔산2동,f,여성,44.99,"2023-05-10"
539,"2021","07","13",대전시청역 주변 상권,"3017064000",둔산2동,m,남성,55.01,"2023-05-10"
323,"2021","07","14",서구 보건소 주변 상권,"3017058700",월평2동,f,여성,48.56,"2023-05-10"
324,"2021","07","14",서구 보건소 주변 상권,"3017058700",월평2동,m,남성,51.44,"2023-05-10"
536,"2021","07","14",서구 보건소 주변 상권,"3017064000",둔산2동,f,여성,48.11,"2023-05-10"
535,"2021","07","14",서구 보건소 주변 상권,"3017064000",둔산2동,m,남성,51.89,"2023-05-10"
649,"2021","07","14",서구 보건소 주변 상권,"3017065000",만년동,f,여성,45.36,"2023-05-10"
668,"2021","07","14",서구 보건소 주변 상권,"3017065000",만년동,m,남성,54.64,"2023-05-10"
384,"2021","08","1",가수원상점가 주변 상권,"3017059000",가수원동,f,여성,49.27,"2023-05-10"
382,"2021","08","1",가수원상점가 주변 상권,"3017059000",가수원동,m,남성,50.73,"2023-05-10"
179,"2021","08","2",한민시장 주변 상권,"3017056000",괴정동,f,여성,50.94,"2023-05-10"
170,"2021","08","2",한민시장 주변 상권,"3017056000",괴정동,m,남성,49.06,"2023-05-10"
228,"2021","08","2",한민시장 주변 상권,"3017057000",가장동,f,여성,53.80,"2023-05-10"
229,"2021","08","2",한민시장 주변 상권,"3017057000",가장동,m,남성,46.20,"2023-05-10"
254,"2021","08","2",한민시장 주변 상권,"3017057500",내동,f,여성,53.56,"2023-05-10"
253,"2021","08","2",한민시장 주변 상권,"3017057500",내동,m,남성,46.44,"2023-05-10"
58,"2021","08","3",롯데백화점 주변 상권,"3017055000",용문동,f,여성,51.53,"2023-05-10"
59,"2021","08","3",롯데백화점 주변 상권,"3017055000",용문동,m,남성,48.47,"2023-05-10"
134,"2021","08","3",롯데백화점 주변 상권,"3017055500",탄방동,f,여성,54.23,"2023-05-10"
135,"2021","08","3",롯데백화점 주변 상권,"3017055500",탄방동,m,남성,45.77,"2023-05-10"
171,"2021","08","3",롯데백화점 주변 상권,"3017056000",괴정동,f,여성,49.70,"2023-05-10"
172,"2021","08","3",롯데백화점 주변 상권,"3017056000",괴정동,m,남성,50.30,"2023-05-10"
648,"2021","08","4",갤러리아백화점 주변 상권,"3017064000",둔산2동,f,여성,52.61,"2023-05-10"
647,"2021","08","4",갤러리아백화점 주변 상권,"3017064000",둔산2동,m,남성,47.39,"2023-05-10"
304,"2021","08","5",이마트 둔산점 주변 상권,"3017058700",월평2동,f,여성,50.91,"2023-05-10"
303,"2021","08","5",이마트 둔산점 주변 상권,"3017058700",월평2동,m,남성,49.09,"2023-05-10"
646,"2021","08","5",이마트 둔산점 주변 상권,"3017064000",둔산2동,f,여성,50.98,"2023-05-10"
645,"2021","08","5",이마트 둔산점 주변 상권,"3017064000",둔산2동,m,남성,49.02,"2023-05-10"
515,"2021","08","6",사학연금회관 뒤편(토요코인호텔) 주변 상권,"3017063000",둔산1동,f,여성,45.40,"2023-05-10"
516,"2021","08","6",사학연금회관 뒤편(토요코인호텔) 주변 상권,"3017063000",둔산1동,m,남성,54.60,"2023-05-10"
644,"2021","08","6",사학연금회관 뒤편(토요코인호텔) 주변 상권,"3017064000",둔산2동,f,여성,51.31,"2023-05-10"
643,"2021","08","6",사학연금회관 뒤편(토요코인호텔) 주변 상권,"3017064000",둔산2동,m,남성,48.69,"2023-05-10"
397,"2021","08","7",대주프라자 주변 상권,"3017059600",관저1동,f,여성,52.56,"2023-05-10"
396,"2021","08","7",대주프라자 주변 상권,"3017059600",관저1동,m,남성,47.44,"2023-05-10"
438,"2021","08","7",대주프라자 주변 상권,"3017059700",관저2동,f,여성,51.85,"2023-05-10"
439,"2021","08","7",대주프라자 주변 상권,"3017059700",관저2동,m,남성,48.15,"2023-05-10"
440,"2021","08","8",마치광장골목형상점가 주변 상권,"3017059700",관저2동,f,여성,51.49,"2023-05-10"
409,"2021","08","8",마치광장골목형상점가 주변 상권,"3017059700",관저2동,m,남성,48.51,"2023-05-10"
112,"2021","08","9",둔산3동상점가 주변 상권,"3017055500",탄방동,f,여성,47.09,"2023-05-10"
113,"2021","08","9",둔산3동상점가 주변 상권,"3017055500",탄방동,m,남성,52.91,"2023-05-10"
694,"2021","08","9",둔산3동상점가 주변 상권,"3017066000",둔산3동,f,여성,52.73,"2023-05-10"
693,"2021","08","9",둔산3동상점가 주변 상권,"3017066000",둔산3동,m,남성,47.27,"2023-05-10"
14,"2021","08","10",도마큰시장 주변 상권,"3017052000",도마1동,f,여성,50.64,"2023-05-10"
13,"2021","08","10",도마큰시장 주변 상권,"3017052000",도마1동,m,남성,49.36,"2023-05-10"
39,"2021","08","10",도마큰시장 주변 상권,"3017053000",도마2동,f,여성,49.80,"2023-05-10"
44,"2021","08","10",도마큰시장 주변 상권,"3017053000",도마2동,m,남성,50.20,"2023-05-10"
269,"2021","08","11",이마트 트레이더스 월평점 주변 상권,"3017058600",월평1동,f,여성,42.20,"2023-05-10"
273,"2021","08","11",이마트 트레이더스 월평점 주변 상권,"3017058600",월평1동,m,남성,57.80,"2023-05-10"
356,"2021","08","11",이마트 트레이더스 월평점 주변 상권,"3017058800",월평3동,f,여성,47.70,"2023-05-10"
338,"2021","08","11",이마트 트레이더스 월평점 주변 상권,"3017058800",월평3동,m,남성,52.30,"2023-05-10"
166,"2021","08","12",세이디에스탄방점 주변 상권,"3017055500",탄방동,f,여성,52.96,"2023-05-10"
165,"2021","08","12",세이디에스탄방점 주변 상권,"3017055500",탄방동,m,남성,47.04,"2023-05-10"
482,"2021","08","12",세이디에스탄방점 주변 상권,"3017063000",둔산1동,f,여성,50.60,"2023-05-10"
481,"2021","08","12",세이디에스탄방점 주변 상권,"3017063000",둔산1동,m,남성,49.40,"2023-05-10"
151,"2021","08","13",대전시청역 주변 상권,"3017055500",탄방동,f,여성,50.13,"2023-05-10"
152,"2021","08","13",대전시청역 주변 상권,"3017055500",탄방동,m,남성,49.87,"2023-05-10"
502,"2021","08","13",대전시청역 주변 상권,"3017063000",둔산1동,f,여성,49.15,"2023-05-10"
501,"2021","08","13",대전시청역 주변 상권,"3017063000",둔산1동,m,남성,50.85,"2023-05-10"
638,"2021","08","13",대전시청역 주변 상권,"3017064000",둔산2동,f,여성,44.46,"2023-05-10"
534,"2021","08","13",대전시청역 주변 상권,"3017064000",둔산2동,m,남성,55.54,"2023-05-10"
330,"2021","08","14",서구 보건소 주변 상권,"3017058700",월평2동,f,여성,48.15,"2023-05-10"
329,"2021","08","14",서구 보건소 주변 상권,"3017058700",월평2동,m,남성,51.85,"2023-05-10"
537,"2021","08","14",서구 보건소 주변 상권,"3017064000",둔산2동,f,여성,47.99,"2023-05-10"
538,"2021","08","14",서구 보건소 주변 상권,"3017064000",둔산2동,m,남성,52.01,"2023-05-10"
655,"2021","08","14",서구 보건소 주변 상권,"3017065000",만년동,f,여성,47.04,"2023-05-10"
654,"2021","08","14",서구 보건소 주변 상권,"3017065000",만년동,m,남성,52.96,"2023-05-10"
376,"2021","09","1",가수원상점가 주변 상권,"3017059000",가수원동,f,여성,49.77,"2023-05-10"
375,"2021","09","1",가수원상점가 주변 상권,"3017059000",가수원동,m,남성,50.23,"2023-05-10"
216,"2021","09","2",한민시장 주변 상권,"3017056000",괴정동,f,여성,51.44,"2023-05-10"
215,"2021","09","2",한민시장 주변 상권,"3017056000",괴정동,m,남성,48.56,"2023-05-10"
218,"2021","09","2",한민시장 주변 상권,"3017057000",가장동,f,여성,54.38,"2023-05-10"
240,"2021","09","2",한민시장 주변 상권,"3017057000",가장동,m,남성,45.62,"2023-05-10"
243,"2021","09","2",한민시장 주변 상권,"3017057500",내동,f,여성,53.85,"2023-05-10"
244,"2021","09","2",한민시장 주변 상권,"3017057500",내동,m,남성,46.15,"2023-05-10"
68,"2021","09","3",롯데백화점 주변 상권,"3017055000",용문동,f,여성,51.76,"2023-05-10"
53,"2021","09","3",롯데백화점 주변 상권,"3017055000",용문동,m,남성,48.24,"2023-05-10"
114,"2021","09","3",롯데백화점 주변 상권,"3017055500",탄방동,f,여성,54.12,"2023-05-10"
115,"2021","09","3",롯데백화점 주변 상권,"3017055500",탄방동,m,남성,45.88,"2023-05-10"
212,"2021","09","3",롯데백화점 주변 상권,"3017056000",괴정동,f,여성,48.81,"2023-05-10"
211,"2021","09","3",롯데백화점 주변 상권,"3017056000",괴정동,m,남성,51.19,"2023-05-10"
545,"2021","09","4",갤러리아백화점 주변 상권,"3017064000",둔산2동,f,여성,54.91,"2023-05-10"
546,"2021","09","4",갤러리아백화점 주변 상권,"3017064000",둔산2동,m,남성,45.09,"2023-05-10"
326,"2021","09","5",이마트 둔산점 주변 상권,"3017058700",월평2동,f,여성,50.62,"2023-05-10"
325,"2021","09","5",이마트 둔산점 주변 상권,"3017058700",월평2동,m,남성,49.38,"2023-05-10"
549,"2021","09","5",이마트 둔산점 주변 상권,"3017064000",둔산2동,f,여성,54.96,"2023-05-10"
550,"2021","09","5",이마트 둔산점 주변 상권,"3017064000",둔산2동,m,남성,45.04,"2023-05-10"
505,"2021","09","6",사학연금회관 뒤편(토요코인호텔) 주변 상권,"3017063000",둔산1동,f,여성,46.09,"2023-05-10"
506,"2021","09","6",사학연금회관 뒤편(토요코인호텔) 주변 상권,"3017063000",둔산1동,m,남성,53.91,"2023-05-10"
551,"2021","09","6",사학연금회관 뒤편(토요코인호텔) 주변 상권,"3017064000",둔산2동,f,여성,51.98,"2023-05-10"
552,"2021","09","6",사학연금회관 뒤편(토요코인호텔) 주변 상권,"3017064000",둔산2동,m,남성,48.02,"2023-05-10"
406,"2021","09","7",대주프라자 주변 상권,"3017059600",관저1동,f,여성,52.91,"2023-05-10"
405,"2021","09","7",대주프라자 주변 상권,"3017059600",관저1동,m,남성,47.09,"2023-05-10"
441,"2021","09","7",대주프라자 주변 상권,"3017059700",관저2동,f,여성,52.38,"2023-05-10"
442,"2021","09","7",대주프라자 주변 상권,"3017059700",관저2동,m,남성,47.62,"2023-05-10"
443,"2021","09","8",마치광장골목형상점가 주변 상권,"3017059700",관저2동,f,여성,51.82,"2023-05-10"
444,"2021","09","8",마치광장골목형상점가 주변 상권,"3017059700",관저2동,m,남성,48.18,"2023-05-10"
124,"2021","09","9",둔산3동상점가 주변 상권,"3017055500",탄방동,f,여성,46.88,"2023-05-10"
125,"2021","09","9",둔산3동상점가 주변 상권,"3017055500",탄방동,m,남성,53.12,"2023-05-10"
676,"2021","09","9",둔산3동상점가 주변 상권,"3017066000",둔산3동,f,여성,53.04,"2023-05-10"
675,"2021","09","9",둔산3동상점가 주변 상권,"3017066000",둔산3동,m,남성,46.96,"2023-05-10"
12,"2021","09","10",도마큰시장 주변 상권,"3017052000",도마1동,f,여성,50.80,"2023-05-10"
24,"2021","09","10",도마큰시장 주변 상권,"3017052000",도마1동,m,남성,49.20,"2023-05-10"
29,"2021","09","10",도마큰시장 주변 상권,"3017053000",도마2동,f,여성,49.34,"2023-05-10"
32,"2021","09","10",도마큰시장 주변 상권,"3017053000",도마2동,m,남성,50.66,"2023-05-10"
277,"2021","09","11",이마트 트레이더스 월평점 주변 상권,"3017058600",월평1동,f,여성,41.69,"2023-05-10"
268,"2021","09","11",이마트 트레이더스 월평점 주변 상권,"3017058600",월평1동,m,남성,58.31,"2023-05-10"
355,"2021","09","11",이마트 트레이더스 월평점 주변 상권,"3017058800",월평3동,f,여성,46.80,"2023-05-10"
354,"2021","09","11",이마트 트레이더스 월평점 주변 상권,"3017058800",월평3동,m,남성,53.20,"2023-05-10"
141,"2021","09","12",세이디에스탄방점 주변 상권,"3017055500",탄방동,f,여성,53.29,"2023-05-10"
142,"2021","09","12",세이디에스탄방점 주변 상권,"3017055500",탄방동,m,남성,46.71,"2023-05-10"
485,"2021","09","12",세이디에스탄방점 주변 상권,"3017063000",둔산1동,f,여성,50.19,"2023-05-10"
486,"2021","09","12",세이디에스탄방점 주변 상권,"3017063000",둔산1동,m,남성,49.81,"2023-05-10"
143,"2021","09","13",대전시청역 주변 상권,"3017055500",탄방동,f,여성,49.46,"2023-05-10"
144,"2021","09","13",대전시청역 주변 상권,"3017055500",탄방동,m,남성,50.54,"2023-05-10"
497,"2021","09","13",대전시청역 주변 상권,"3017063000",둔산1동,f,여성,48.62,"2023-05-10"
498,"2021","09","13",대전시청역 주변 상권,"3017063000",둔산1동,m,남성,51.38,"2023-05-10"
559,"2021","09","13",대전시청역 주변 상권,"3017064000",둔산2동,f,여성,44.58,"2023-05-10"
560,"2021","09","13",대전시청역 주변 상권,"3017064000",둔산2동,m,남성,55.42,"2023-05-10"
314,"2021","09","14",서구 보건소 주변 상권,"3017058700",월평2동,f,여성,47.78,"2023-05-10"
313,"2021","09","14",서구 보건소 주변 상권,"3017058700",월평2동,m,남성,52.22,"2023-05-10"
563,"2021","09","14",서구 보건소 주변 상권,"3017064000",둔산2동,f,여성,47.75,"2023-05-10"
564,"2021","09","14",서구 보건소 주변 상권,"3017064000",둔산2동,m,남성,52.25,"2023-05-10"
659,"2021","09","14",서구 보건소 주변 상권,"3017065000",만년동,f,여성,48.15,"2023-05-10"
658,"2021","09","14",서구 보건소 주변 상권,"3017065000",만년동,m,남성,51.85,"2023-05-10"
368,"2021","10","1",가수원상점가 주변 상권,"3017059000",가수원동,f,여성,50.15,"2023-05-10"
361,"2021","10","1",가수원상점가 주변 상권,"3017059000",가수원동,m,남성,49.85,"2023-05-10"
202,"2021","10","2",한민시장 주변 상권,"3017056000",괴정동,f,여성,51.32,"2023-05-10"
201,"2021","10","2",한민시장 주변 상권,"3017056000",괴정동,m,남성,48.68,"2023-05-10"
217,"2021","10","2",한민시장 주변 상권,"3017057000",가장동,f,여성,54.55,"2023-05-10"
239,"2021","10","2",한민시장 주변 상권,"3017057000",가장동,m,남성,45.45,"2023-05-10"
241,"2021","10","2",한민시장 주변 상권,"3017057500",내동,f,여성,54.12,"2023-05-10"
252,"2021","10","2",한민시장 주변 상권,"3017057500",내동,m,남성,45.88,"2023-05-10"
51,"2021","10","3",롯데백화점 주변 상권,"3017055000",용문동,f,여성,51.02,"2023-05-10"
52,"2021","10","3",롯데백화점 주변 상권,"3017055000",용문동,m,남성,48.98,"2023-05-10"
157,"2021","10","3",롯데백화점 주변 상권,"3017055500",탄방동,f,여성,54.12,"2023-05-10"
158,"2021","10","3",롯데백화점 주변 상권,"3017055500",탄방동,m,남성,45.88,"2023-05-10"
200,"2021","10","3",롯데백화점 주변 상권,"3017056000",괴정동,f,여성,49.60,"2023-05-10"
199,"2021","10","3",롯데백화점 주변 상권,"3017056000",괴정동,m,남성,50.40,"2023-05-10"
571,"2021","10","4",갤러리아백화점 주변 상권,"3017064000",둔산2동,f,여성,54.34,"2023-05-10"
572,"2021","10","4",갤러리아백화점 주변 상권,"3017064000",둔산2동,m,남성,45.66,"2023-05-10"
300,"2021","10","5",이마트 둔산점 주변 상권,"3017058700",월평2동,f,여성,51.26,"2023-05-10"
299,"2021","10","5",이마트 둔산점 주변 상권,"3017058700",월평2동,m,남성,48.74,"2023-05-10"
575,"2021","10","5",이마트 둔산점 주변 상권,"3017064000",둔산2동,f,여성,54.94,"2023-05-10"
576,"2021","10","5",이마트 둔산점 주변 상권,"3017064000",둔산2동,m,남성,45.06,"2023-05-10"
467,"2021","10","6",사학연금회관 뒤편(토요코인호텔) 주변 상권,"3017063000",둔산1동,f,여성,45.35,"2023-05-10"
468,"2021","10","6",사학연금회관 뒤편(토요코인호텔) 주변 상권,"3017063000",둔산1동,m,남성,54.65,"2023-05-10"
577,"2021","10","6",사학연금회관 뒤편(토요코인호텔) 주변 상권,"3017064000",둔산2동,f,여성,52.19,"2023-05-10"
578,"2021","10","6",사학연금회관 뒤편(토요코인호텔) 주변 상권,"3017064000",둔산2동,m,남성,47.81,"2023-05-10"
394,"2021","10","7",대주프라자 주변 상권,"3017059600",관저1동,f,여성,53.30,"2023-05-10"
395,"2021","10","7",대주프라자 주변 상권,"3017059600",관저1동,m,남성,46.70,"2023-05-10"
445,"2021","10","7",대주프라자 주변 상권,"3017059700",관저2동,f,여성,52.68,"2023-05-10"
446,"2021","10","7",대주프라자 주변 상권,"3017059700",관저2동,m,남성,47.32,"2023-05-10"
447,"2021","10","8",마치광장골목형상점가 주변 상권,"3017059700",관저2동,f,여성,52.08,"2023-05-10"
448,"2021","10","8",마치광장골목형상점가 주변 상권,"3017059700",관저2동,m,남성,47.92,"2023-05-10"
80,"2021","10","9",둔산3동상점가 주변 상권,"3017055500",탄방동,f,여성,45.76,"2023-05-10"
81,"2021","10","9",둔산3동상점가 주변 상권,"3017055500",탄방동,m,남성,54.24,"2023-05-10"
688,"2021","10","9",둔산3동상점가 주변 상권,"3017066000",둔산3동,f,여성,53.41,"2023-05-10"
687,"2021","10","9",둔산3동상점가 주변 상권,"3017066000",둔산3동,m,남성,46.59,"2023-05-10"
20,"2021","10","10",도마큰시장 주변 상권,"3017052000",도마1동,f,여성,50.37,"2023-05-10"
23,"2021","10","10",도마큰시장 주변 상권,"3017052000",도마1동,m,남성,49.63,"2023-05-10"
38,"2021","10","10",도마큰시장 주변 상권,"3017053000",도마2동,f,여성,48.87,"2023-05-10"
41,"2021","10","10",도마큰시장 주변 상권,"3017053000",도마2동,m,남성,51.13,"2023-05-10"
284,"2021","10","11",이마트 트레이더스 월평점 주변 상권,"3017058600",월평1동,f,여성,43.22,"2023-05-10"
283,"2021","10","11",이마트 트레이더스 월평점 주변 상권,"3017058600",월평1동,m,남성,56.78,"2023-05-10"
347,"2021","10","11",이마트 트레이더스 월평점 주변 상권,"3017058800",월평3동,f,여성,47.37,"2023-05-10"
339,"2021","10","11",이마트 트레이더스 월평점 주변 상권,"3017058800",월평3동,m,남성,52.63,"2023-05-10"
92,"2021","10","12",세이디에스탄방점 주변 상권,"3017055500",탄방동,f,여성,52.96,"2023-05-10"
95,"2021","10","12",세이디에스탄방점 주변 상권,"3017055500",탄방동,m,남성,47.04,"2023-05-10"
491,"2021","10","12",세이디에스탄방점 주변 상권,"3017063000",둔산1동,f,여성,50.17,"2023-05-10"
492,"2021","10","12",세이디에스탄방점 주변 상권,"3017063000",둔산1동,m,남성,49.83,"2023-05-10"
98,"2021","10","13",대전시청역 주변 상권,"3017055500",탄방동,f,여성,49.54,"2023-05-10"
101,"2021","10","13",대전시청역 주변 상권,"3017055500",탄방동,m,남성,50.46,"2023-05-10"
495,"2021","10","13",대전시청역 주변 상권,"3017063000",둔산1동,f,여성,48.82,"2023-05-10"
496,"2021","10","13",대전시청역 주변 상권,"3017063000",둔산1동,m,남성,51.18,"2023-05-10"
589,"2021","10","13",대전시청역 주변 상권,"3017064000",둔산2동,f,여성,45.24,"2023-05-10"
590,"2021","10","13",대전시청역 주변 상권,"3017064000",둔산2동,m,남성,54.76,"2023-05-10"
336,"2021","10","14",서구 보건소 주변 상권,"3017058700",월평2동,f,여성,47.71,"2023-05-10"
335,"2021","10","14",서구 보건소 주변 상권,"3017058700",월평2동,m,남성,52.29,"2023-05-10"
591,"2021","10","14",서구 보건소 주변 상권,"3017064000",둔산2동,f,여성,47.43,"2023-05-10"
592,"2021","10","14",서구 보건소 주변 상권,"3017064000",둔산2동,m,남성,52.57,"2023-05-10"
657,"2021","10","14",서구 보건소 주변 상권,"3017065000",만년동,f,여성,48.43,"2023-05-10"
656,"2021","10","14",서구 보건소 주변 상권,"3017065000",만년동,m,남성,51.57,"2023-05-10"
364,"2021","11","1",가수원상점가 주변 상권,"3017059000",가수원동,f,여성,50.28,"2023-05-10"
363,"2021","11","1",가수원상점가 주변 상권,"3017059000",가수원동,m,남성,49.72,"2023-05-10"
193,"2021","11","2",한민시장 주변 상권,"3017056000",괴정동,f,여성,51.99,"2023-05-10"
192,"2021","11","2",한민시장 주변 상권,"3017056000",괴정동,m,남성,48.01,"2023-05-10"
234,"2021","11","2",한민시장 주변 상권,"3017057000",가장동,f,여성,54.94,"2023-05-10"
224,"2021","11","2",한민시장 주변 상권,"3017057000",가장동,m,남성,45.06,"2023-05-10"
251,"2021","11","2",한민시장 주변 상권,"3017057500",내동,f,여성,53.89,"2023-05-10"
250,"2021","11","2",한민시장 주변 상권,"3017057500",내동,m,남성,46.11,"2023-05-10"
55,"2021","11","3",롯데백화점 주변 상권,"3017055000",용문동,f,여성,51.82,"2023-05-10"
49,"2021","11","3",롯데백화점 주변 상권,"3017055000",용문동,m,남성,48.18,"2023-05-10"
100,"2021","11","3",롯데백화점 주변 상권,"3017055500",탄방동,f,여성,54.90,"2023-05-10"
99,"2021","11","3",롯데백화점 주변 상권,"3017055500",탄방동,m,남성,45.10,"2023-05-10"
187,"2021","11","3",롯데백화점 주변 상권,"3017056000",괴정동,f,여성,50.13,"2023-05-10"
186,"2021","11","3",롯데백화점 주변 상권,"3017056000",괴정동,m,남성,49.87,"2023-05-10"
603,"2021","11","4",갤러리아백화점 주변 상권,"3017064000",둔산2동,f,여성,54.37,"2023-05-10"
604,"2021","11","4",갤러리아백화점 주변 상권,"3017064000",둔산2동,m,남성,45.63,"2023-05-10"
292,"2021","11","5",이마트 둔산점 주변 상권,"3017058700",월평2동,f,여성,51.58,"2023-05-10"
293,"2021","11","5",이마트 둔산점 주변 상권,"3017058700",월평2동,m,남성,48.42,"2023-05-10"
529,"2021","11","5",이마트 둔산점 주변 상권,"3017064000",둔산2동,f,여성,54.93,"2023-05-10"
530,"2021","11","5",이마트 둔산점 주변 상권,"3017064000",둔산2동,m,남성,45.07,"2023-05-10"
525,"2021","11","6",사학연금회관 뒤편(토요코인호텔) 주변 상권,"3017063000",둔산1동,f,여성,45.44,"2023-05-10"
526,"2021","11","6",사학연금회관 뒤편(토요코인호텔) 주변 상권,"3017063000",둔산1동,m,남성,54.56,"2023-05-10"
531,"2021","11","6",사학연금회관 뒤편(토요코인호텔) 주변 상권,"3017064000",둔산2동,f,여성,52.49,"2023-05-10"
532,"2021","11","6",사학연금회관 뒤편(토요코인호텔) 주변 상권,"3017064000",둔산2동,m,남성,47.51,"2023-05-10"
407,"2021","11","7",대주프라자 주변 상권,"3017059600",관저1동,f,여성,53.74,"2023-05-10"
388,"2021","11","7",대주프라자 주변 상권,"3017059600",관저1동,m,남성,46.26,"2023-05-10"
449,"2021","11","7",대주프라자 주변 상권,"3017059700",관저2동,f,여성,53.19,"2023-05-10"
450,"2021","11","7",대주프라자 주변 상권,"3017059700",관저2동,m,남성,46.81,"2023-05-10"
451,"2021","11","8",마치광장골목형상점가 주변 상권,"3017059700",관저2동,f,여성,52.16,"2023-05-10"
452,"2021","11","8",마치광장골목형상점가 주변 상권,"3017059700",관저2동,m,남성,47.84,"2023-05-10"
88,"2021","11","9",둔산3동상점가 주변 상권,"3017055500",탄방동,f,여성,46.88,"2023-05-10"
87,"2021","11","9",둔산3동상점가 주변 상권,"3017055500",탄방동,m,남성,53.12,"2023-05-10"
685,"2021","11","9",둔산3동상점가 주변 상권,"3017066000",둔산3동,f,여성,53.75,"2023-05-10"
686,"2021","11","9",둔산3동상점가 주변 상권,"3017066000",둔산3동,m,남성,46.25,"2023-05-10"
22,"2021","11","10",도마큰시장 주변 상권,"3017052000",도마1동,f,여성,50.69,"2023-05-10"
21,"2021","11","10",도마큰시장 주변 상권,"3017052000",도마1동,m,남성,49.31,"2023-05-10"
35,"2021","11","10",도마큰시장 주변 상권,"3017053000",도마2동,f,여성,49.22,"2023-05-10"
31,"2021","11","10",도마큰시장 주변 상권,"3017053000",도마2동,m,남성,50.78,"2023-05-10"
272,"2021","11","11",이마트 트레이더스 월평점 주변 상권,"3017058600",월평1동,f,여성,43.23,"2023-05-10"
275,"2021","11","11",이마트 트레이더스 월평점 주변 상권,"3017058600",월평1동,m,남성,56.77,"2023-05-10"
348,"2021","11","11",이마트 트레이더스 월평점 주변 상권,"3017058800",월평3동,f,여성,47.61,"2023-05-10"
343,"2021","11","11",이마트 트레이더스 월평점 주변 상권,"3017058800",월평3동,m,남성,52.39,"2023-05-10"
164,"2021","11","12",세이디에스탄방점 주변 상권,"3017055500",탄방동,f,여성,52.73,"2023-05-10"
163,"2021","11","12",세이디에스탄방점 주변 상권,"3017055500",탄방동,m,남성,47.27,"2023-05-10"
500,"2021","11","12",세이디에스탄방점 주변 상권,"3017063000",둔산1동,f,여성,49.95,"2023-05-10"
499,"2021","11","12",세이디에스탄방점 주변 상권,"3017063000",둔산1동,m,남성,50.05,"2023-05-10"
162,"2021","11","13",대전시청역 주변 상권,"3017055500",탄방동,f,여성,49.63,"2023-05-10"
161,"2021","11","13",대전시청역 주변 상권,"3017055500",탄방동,m,남성,50.37,"2023-05-10"
484,"2021","11","13",대전시청역 주변 상권,"3017063000",둔산1동,f,여성,48.76,"2023-05-10"
483,"2021","11","13",대전시청역 주변 상권,"3017063000",둔산1동,m,남성,51.24,"2023-05-10"
617,"2021","11","13",대전시청역 주변 상권,"3017064000",둔산2동,f,여성,44.81,"2023-05-10"
618,"2021","11","13",대전시청역 주변 상권,"3017064000",둔산2동,m,남성,55.19,"2023-05-10"
307,"2021","11","14",서구 보건소 주변 상권,"3017058700",월평2동,f,여성,47.68,"2023-05-10"
308,"2021","11","14",서구 보건소 주변 상권,"3017058700",월평2동,m,남성,52.32,"2023-05-10"
621,"2021","11","14",서구 보건소 주변 상권,"3017064000",둔산2동,f,여성,47.55,"2023-05-10"
622,"2021","11","14",서구 보건소 주변 상권,"3017064000",둔산2동,m,남성,52.45,"2023-05-10"
669,"2021","11","14",서구 보건소 주변 상권,"3017065000",만년동,f,여성,48.21,"2023-05-10"
670,"2021","11","14",서구 보건소 주변 상권,"3017065000",만년동,m,남성,51.79,"2023-05-10"
377,"2021","12","1",가수원상점가 주변 상권,"3017059000",가수원동,f,여성,50.15,"2023-05-10"
378,"2021","12","1",가수원상점가 주변 상권,"3017059000",가수원동,m,남성,49.85,"2023-05-10"
180,"2021","12","2",한민시장 주변 상권,"3017056000",괴정동,f,여성,51.97,"2023-05-10"
169,"2021","12","2",한민시장 주변 상권,"3017056000",괴정동,m,남성,48.03,"2023-05-10"
222,"2021","12","2",한민시장 주변 상권,"3017057000",가장동,f,여성,55.00,"2023-05-10"
223,"2021","12","2",한민시장 주변 상권,"3017057000",가장동,m,남성,45.00,"2023-05-10"
242,"2021","12","2",한민시장 주변 상권,"3017057500",내동,f,여성,54.27,"2023-05-10"
260,"2021","12","2",한민시장 주변 상권,"3017057500",내동,m,남성,45.73,"2023-05-10"
64,"2021","12","3",롯데백화점 주변 상권,"3017055000",용문동,f,여성,51.66,"2023-05-10"
63,"2021","12","3",롯데백화점 주변 상권,"3017055000",용문동,m,남성,48.34,"2023-05-10"
137,"2021","12","3",롯데백화점 주변 상권,"3017055500",탄방동,f,여성,54.73,"2023-05-10"
136,"2021","12","3",롯데백화점 주변 상권,"3017055500",탄방동,m,남성,45.27,"2023-05-10"
178,"2021","12","3",롯데백화점 주변 상권,"3017056000",괴정동,f,여성,49.35,"2023-05-10"
177,"2021","12","3",롯데백화점 주변 상권,"3017056000",괴정동,m,남성,50.65,"2023-05-10"
629,"2021","12","4",갤러리아백화점 주변 상권,"3017064000",둔산2동,f,여성,54.73,"2023-05-10"
630,"2021","12","4",갤러리아백화점 주변 상권,"3017064000",둔산2동,m,남성,45.27,"2023-05-10"
317,"2021","12","5",이마트 둔산점 주변 상권,"3017058700",월평2동,f,여성,51.50,"2023-05-10"
318,"2021","12","5",이마트 둔산점 주변 상권,"3017058700",월평2동,m,남성,48.50,"2023-05-10"
631,"2021","12","5",이마트 둔산점 주변 상권,"3017064000",둔산2동,f,여성,54.66,"2023-05-10"
632,"2021","12","5",이마트 둔산점 주변 상권,"3017064000",둔산2동,m,남성,45.34,"2023-05-10"
512,"2021","12","6",사학연금회관 뒤편(토요코인호텔) 주변 상권,"3017063000",둔산1동,f,여성,46.90,"2023-05-10"
511,"2021","12","6",사학연금회관 뒤편(토요코인호텔) 주변 상권,"3017063000",둔산1동,m,남성,53.10,"2023-05-10"
633,"2021","12","6",사학연금회관 뒤편(토요코인호텔) 주변 상권,"3017064000",둔산2동,f,여성,52.11,"2023-05-10"
634,"2021","12","6",사학연금회관 뒤편(토요코인호텔) 주변 상권,"3017064000",둔산2동,m,남성,47.89,"2023-05-10"
400,"2021","12","7",대주프라자 주변 상권,"3017059600",관저1동,f,여성,53.55,"2023-05-10"
401,"2021","12","7",대주프라자 주변 상권,"3017059600",관저1동,m,남성,46.45,"2023-05-10"
453,"2021","12","7",대주프라자 주변 상권,"3017059700",관저2동,f,여성,52.86,"2023-05-10"
454,"2021","12","7",대주프라자 주변 상권,"3017059700",관저2동,m,남성,47.14,"2023-05-10"
455,"2021","12","8",마치광장골목형상점가 주변 상권,"3017059700",관저2동,f,여성,52.25,"2023-05-10"
456,"2021","12","8",마치광장골목형상점가 주변 상권,"3017059700",관저2동,m,남성,47.75,"2023-05-10"
123,"2021","12","9",둔산3동상점가 주변 상권,"3017055500",탄방동,f,여성,47.47,"2023-05-10"
122,"2021","12","9",둔산3동상점가 주변 상권,"3017055500",탄방동,m,남성,52.53,"2023-05-10"
696,"2021","12","9",둔산3동상점가 주변 상권,"3017066000",둔산3동,f,여성,53.07,"2023-05-10"
682,"2021","12","9",둔산3동상점가 주변 상권,"3017066000",둔산3동,m,남성,46.93,"2023-05-10"
5,"2021","12","10",도마큰시장 주변 상권,"3017052000",도마1동,f,여성,50.44,"2023-05-10"
4,"2021","12","10",도마큰시장 주변 상권,"3017052000",도마1동,m,남성,49.56,"2023-05-10"
27,"2021","12","10",도마큰시장 주변 상권,"3017053000",도마2동,f,여성,48.90,"2023-05-10"
37,"2021","12","10",도마큰시장 주변 상권,"3017053000",도마2동,m,남성,51.10,"2023-05-10"
285,"2021","12","11",이마트 트레이더스 월평점 주변 상권,"3017058600",월평1동,f,여성,43.47,"2023-05-10"
282,"2021","12","11",이마트 트레이더스 월평점 주변 상권,"3017058600",월평1동,m,남성,56.53,"2023-05-10"
353,"2021","12","11",이마트 트레이더스 월평점 주변 상권,"3017058800",월평3동,f,여성,47.89,"2023-05-10"
352,"2021","12","11",이마트 트레이더스 월평점 주변 상권,"3017058800",월평3동,m,남성,52.11,"2023-05-10"
140,"2021","12","12",세이디에스탄방점 주변 상권,"3017055500",탄방동,f,여성,52.81,"2023-05-10"
77,"2021","12","12",세이디에스탄방점 주변 상권,"3017055500",탄방동,m,남성,47.19,"2023-05-10"
523,"2021","12","12",세이디에스탄방점 주변 상권,"3017063000",둔산1동,f,여성,50.19,"2023-05-10"
524,"2021","12","12",세이디에스탄방점 주변 상권,"3017063000",둔산1동,m,남성,49.81,"2023-05-10"
78,"2021","12","13",대전시청역 주변 상권,"3017055500",탄방동,f,여성,49.90,"2023-05-10"
79,"2021","12","13",대전시청역 주변 상권,"3017055500",탄방동,m,남성,50.10,"2023-05-10"
475,"2021","12","13",대전시청역 주변 상권,"3017063000",둔산1동,f,여성,48.73,"2023-05-10"
476,"2021","12","13",대전시청역 주변 상권,"3017063000",둔산1동,m,남성,51.27,"2023-05-10"
605,"2021","12","13",대전시청역 주변 상권,"3017064000",둔산2동,f,여성,44.66,"2023-05-10"
606,"2021","12","13",대전시청역 주변 상권,"3017064000",둔산2동,m,남성,55.34,"2023-05-10"
332,"2021","12","14",서구 보건소 주변 상권,"3017058700",월평2동,f,여성,47.28,"2023-05-10"
331,"2021","12","14",서구 보건소 주변 상권,"3017058700",월평2동,m,남성,52.72,"2023-05-10"
637,"2021","12","14",서구 보건소 주변 상권,"3017064000",둔산2동,f,여성,47.14,"2023-05-10"
533,"2021","12","14",서구 보건소 주변 상권,"3017064000",둔산2동,m,남성,52.86,"2023-05-10"
666,"2021","12","14",서구 보건소 주변 상권,"3017065000",만년동,f,여성,47.79,"2023-05-10"
667,"2021","12","14",서구 보건소 주변 상권,"3017065000",만년동,m,남성,52.21,"2023-05-10"
