개업년월,총계,영업중,폐업자,휴업자,기타_오류,현재_22년 9월 기준 생존율,현재_22년 9월 기준 휴폐업율,알수없음
Sep-18,1,1,0,0,0,100.00%,0.00%,0.00%
Jan-48,1,1,0,0,0,100.00%,0.00%,0.00%
Mar-51,2,2,0,0,0,100.00%,0.00%,0.00%
Jul-51,2,2,0,0,0,100.00%,0.00%,0.00%
Nov-55,1,1,0,0,0,100.00%,0.00%,0.00%
Feb-56,1,1,0,0,0,100.00%,0.00%,0.00%
Jun-56,1,1,0,0,0,100.00%,0.00%,0.00%
Feb-57,1,1,0,0,0,100.00%,0.00%,0.00%
Aug-57,1,1,0,0,0,100.00%,0.00%,0.00%
Oct-58,1,1,0,0,0,100.00%,0.00%,0.00%
Jun-59,1,1,0,0,0,100.00%,0.00%,0.00%
Feb-60,1,1,0,0,0,100.00%,0.00%,0.00%
May-60,1,1,0,0,0,100.00%,0.00%,0.00%
Jun-60,1,1,0,0,0,100.00%,0.00%,0.00%
Jan-61,1,1,0,0,0,100.00%,0.00%,0.00%
Apr-62,1,1,0,0,0,100.00%,0.00%,0.00%
Jun-62,1,1,0,0,0,100.00%,0.00%,0.00%
Oct-62,1,1,0,0,0,100.00%,0.00%,0.00%
Jan-63,1,1,0,0,0,100.00%,0.00%,0.00%
Aug-63,1,1,0,0,0,100.00%,0.00%,0.00%
Oct-63,1,1,0,0,0,100.00%,0.00%,0.00%
Jan-64,1,1,0,0,0,100.00%,0.00%,0.00%
Jul-64,1,1,0,0,0,100.00%,0.00%,0.00%
Jan-65,1,1,0,0,0,100.00%,0.00%,0.00%
Apr-65,1,1,0,0,0,100.00%,0.00%,0.00%
Jun-65,1,1,0,0,0,100.00%,0.00%,0.00%
Aug-65,1,1,0,0,0,100.00%,0.00%,0.00%
Nov-65,1,1,0,0,0,100.00%,0.00%,0.00%
Jul-66,2,1,1,0,0,50.00%,50.00%,0.00%
Oct-66,1,1,0,0,0,100.00%,0.00%,0.00%
Nov-66,1,0,1,0,0,0.00%,100.00%,0.00%
Apr-67,2,2,0,0,0,100.00%,0.00%,0.00%
Aug-67,2,2,0,0,0,100.00%,0.00%,0.00%
Sep-67,1,1,0,0,0,100.00%,0.00%,0.00%
Jan-68,1,1,0,0,0,100.00%,0.00%,0.00%
Mar-68,1,1,0,0,0,100.00%,0.00%,0.00%
Jul-68,1,1,0,0,0,100.00%,0.00%,0.00%
Feb-69,1,1,0,0,0,100.00%,0.00%,0.00%
Apr-69,1,1,0,0,0,100.00%,0.00%,0.00%
Jun-69,1,1,0,0,0,100.00%,0.00%,0.00%
Aug-69,2,2,0,0,0,100.00%,0.00%,0.00%
Oct-69,1,1,0,0,0,100.00%,0.00%,0.00%
Nov-69,2,0,2,0,0,0.00%,100.00%,0.00%
Dec-69,2,2,0,0,0,100.00%,0.00%,0.00%
Jan-70,4,4,0,0,0,100.00%,0.00%,0.00%
Feb-70,1,1,0,0,0,100.00%,0.00%,0.00%
May-70,1,1,0,0,0,100.00%,0.00%,0.00%
Jan-71,1,1,0,0,0,100.00%,0.00%,0.00%
Feb-71,1,1,0,0,0,100.00%,0.00%,0.00%
Mar-71,3,2,1,0,0,66.70%,33.30%,0.00%
Apr-71,1,1,0,0,0,100.00%,0.00%,0.00%
May-71,1,0,1,0,0,0.00%,100.00%,0.00%
Jul-71,1,1,0,0,0,100.00%,0.00%,0.00%
Aug-71,3,3,0,0,0,100.00%,0.00%,0.00%
Sep-71,1,1,0,0,0,100.00%,0.00%,0.00%
Oct-71,1,1,0,0,0,100.00%,0.00%,0.00%
Jan-72,1,1,0,0,0,100.00%,0.00%,0.00%
Feb-72,3,2,1,0,0,66.70%,33.30%,0.00%
Mar-72,1,1,0,0,0,100.00%,0.00%,0.00%
May-72,1,1,0,0,0,100.00%,0.00%,0.00%
Jun-72,1,1,0,0,0,100.00%,0.00%,0.00%
Jul-72,2,2,0,0,0,100.00%,0.00%,0.00%
Oct-72,1,0,1,0,0,0.00%,100.00%,0.00%
Dec-72,1,0,1,0,0,0.00%,100.00%,0.00%
Jan-73,3,3,0,0,0,100.00%,0.00%,0.00%
Feb-73,4,3,1,0,0,75.00%,25.00%,0.00%
Mar-73,1,1,0,0,0,100.00%,0.00%,0.00%
Apr-73,1,1,0,0,0,100.00%,0.00%,0.00%
May-73,1,1,0,0,0,100.00%,0.00%,0.00%
Jun-73,2,1,1,0,0,50.00%,50.00%,0.00%
Jul-73,1,1,0,0,0,100.00%,0.00%,0.00%
Sep-73,2,2,0,0,0,100.00%,0.00%,0.00%
Oct-73,4,4,0,0,0,100.00%,0.00%,0.00%
Dec-73,3,3,0,0,0,100.00%,0.00%,0.00%
Jan-74,6,5,1,0,0,83.30%,16.70%,0.00%
Feb-74,3,2,1,0,0,66.70%,33.30%,0.00%
Mar-74,1,1,0,0,0,100.00%,0.00%,0.00%
Apr-74,2,2,0,0,0,100.00%,0.00%,0.00%
May-74,2,2,0,0,0,100.00%,0.00%,0.00%
Jul-74,4,3,1,0,0,75.00%,25.00%,0.00%
Aug-74,3,1,2,0,0,33.30%,66.70%,0.00%
Sep-74,3,2,1,0,0,66.70%,33.30%,0.00%
Oct-74,2,2,0,0,0,100.00%,0.00%,0.00%
Jan-75,3,2,1,0,0,66.70%,33.30%,0.00%
Feb-75,1,1,0,0,0,100.00%,0.00%,0.00%
Mar-75,3,2,1,0,0,66.70%,33.30%,0.00%
Apr-75,1,1,0,0,0,100.00%,0.00%,0.00%
May-75,2,1,1,0,0,50.00%,50.00%,0.00%
Jul-75,2,2,0,0,0,100.00%,0.00%,0.00%
Aug-75,2,2,0,0,0,100.00%,0.00%,0.00%
Sep-75,2,1,1,0,0,50.00%,50.00%,0.00%
Oct-75,1,1,0,0,0,100.00%,0.00%,0.00%
Dec-75,3,3,0,0,0,100.00%,0.00%,0.00%
Jan-76,6,6,0,0,0,100.00%,0.00%,0.00%
Feb-76,1,1,0,0,0,100.00%,0.00%,0.00%
Mar-76,1,0,1,0,0,0.00%,100.00%,0.00%
Apr-76,2,2,0,0,0,100.00%,0.00%,0.00%
May-76,1,1,0,0,0,100.00%,0.00%,0.00%
Jun-76,2,2,0,0,0,100.00%,0.00%,0.00%
Jul-76,5,4,1,0,0,80.00%,20.00%,0.00%
Aug-76,2,2,0,0,0,100.00%,0.00%,0.00%
Sep-76,1,1,0,0,0,100.00%,0.00%,0.00%
Oct-76,4,4,0,0,0,100.00%,0.00%,0.00%
Nov-76,1,1,0,0,0,100.00%,0.00%,0.00%
Dec-76,4,4,0,0,0,100.00%,0.00%,0.00%
Jan-77,11,10,1,0,0,90.90%,9.10%,0.00%
Feb-77,3,2,1,0,0,66.70%,33.30%,0.00%
Mar-77,3,2,1,0,0,66.70%,33.30%,0.00%
Apr-77,3,2,1,0,0,66.70%,33.30%,0.00%
May-77,5,3,2,0,0,60.00%,40.00%,0.00%
Jun-77,5,3,2,0,0,60.00%,40.00%,0.00%
Jul-77,8,8,0,0,0,100.00%,0.00%,0.00%
Aug-77,2,2,0,0,0,100.00%,0.00%,0.00%
Sep-77,1,1,0,0,0,100.00%,0.00%,0.00%
Oct-77,4,3,1,0,0,75.00%,25.00%,0.00%
Nov-77,3,2,1,0,0,66.70%,33.30%,0.00%
Dec-77,3,3,0,0,0,100.00%,0.00%,0.00%
Jan-78,3,2,1,0,0,66.70%,33.30%,0.00%
Feb-78,4,3,1,0,0,75.00%,25.00%,0.00%
Mar-78,4,4,0,0,0,100.00%,0.00%,0.00%
Apr-78,2,2,0,0,0,100.00%,0.00%,0.00%
May-78,3,2,1,0,0,66.70%,33.30%,0.00%
Jun-78,2,2,0,0,0,100.00%,0.00%,0.00%
Jul-78,7,7,0,0,0,100.00%,0.00%,0.00%
Aug-78,2,2,0,0,0,100.00%,0.00%,0.00%
Sep-78,5,2,3,0,0,40.00%,60.00%,0.00%
Oct-78,3,3,0,0,0,100.00%,0.00%,0.00%
Nov-78,2,2,0,0,0,100.00%,0.00%,0.00%
Dec-78,2,2,0,0,0,100.00%,0.00%,0.00%
Jan-79,6,6,0,0,0,100.00%,0.00%,0.00%
Feb-79,4,3,1,0,0,75.00%,25.00%,0.00%
Mar-79,6,6,0,0,0,100.00%,0.00%,0.00%
Apr-79,4,4,0,0,0,100.00%,0.00%,0.00%
May-79,5,4,1,0,0,80.00%,20.00%,0.00%
Jun-79,11,8,3,0,0,72.70%,27.30%,0.00%
Jul-79,7,6,1,0,0,85.70%,14.30%,0.00%
Aug-79,4,3,1,0,0,75.00%,25.00%,0.00%
Sep-79,5,5,0,0,0,100.00%,0.00%,0.00%
Oct-79,3,2,1,0,0,66.70%,33.30%,0.00%
Nov-79,4,4,0,0,0,100.00%,0.00%,0.00%
Dec-79,4,4,0,0,0,100.00%,0.00%,0.00%
Jan-80,11,9,2,0,0,81.80%,18.20%,0.00%
Feb-80,6,6,0,0,0,100.00%,0.00%,0.00%
Mar-80,4,4,0,0,0,100.00%,0.00%,0.00%
Apr-80,4,4,0,0,0,100.00%,0.00%,0.00%
May-80,7,6,1,0,0,85.70%,14.30%,0.00%
Jun-80,5,4,1,0,0,80.00%,20.00%,0.00%
Jul-80,4,4,0,0,0,100.00%,0.00%,0.00%
Aug-80,6,4,2,0,0,66.70%,33.30%,0.00%
Sep-80,2,2,0,0,0,100.00%,0.00%,0.00%
Oct-80,7,7,0,0,0,100.00%,0.00%,0.00%
Nov-80,8,5,3,0,0,62.50%,37.50%,0.00%
Dec-80,5,4,1,0,0,80.00%,20.00%,0.00%
Jan-81,14,12,2,0,0,85.70%,14.30%,0.00%
Feb-81,9,6,3,0,0,66.70%,33.30%,0.00%
Mar-81,7,6,1,0,0,85.70%,14.30%,0.00%
Apr-81,11,8,3,0,0,72.70%,27.30%,0.00%
May-81,1,1,0,0,0,100.00%,0.00%,0.00%
Jun-81,5,5,0,0,0,100.00%,0.00%,0.00%
Jul-81,4,4,0,0,0,100.00%,0.00%,0.00%
Aug-81,6,5,1,0,0,83.30%,16.70%,0.00%
Sep-81,6,6,0,0,0,100.00%,0.00%,0.00%
Oct-81,5,2,3,0,0,40.00%,60.00%,0.00%
Nov-81,10,8,2,0,0,80.00%,20.00%,0.00%
Dec-81,7,5,2,0,0,71.40%,28.60%,0.00%
Jan-82,9,7,2,0,0,77.80%,22.20%,0.00%
Feb-82,4,4,0,0,0,100.00%,0.00%,0.00%
Mar-82,6,5,1,0,0,83.30%,16.70%,0.00%
Apr-82,10,8,2,0,0,80.00%,20.00%,0.00%
May-82,8,7,1,0,0,87.50%,12.50%,0.00%
Jun-82,9,9,0,0,0,100.00%,0.00%,0.00%
Jul-82,3,3,0,0,0,100.00%,0.00%,0.00%
Aug-82,9,9,0,0,0,100.00%,0.00%,0.00%
Sep-82,2,1,1,0,0,50.00%,50.00%,0.00%
Oct-82,16,15,1,0,0,93.80%,6.30%,0.00%
Nov-82,5,5,0,0,0,100.00%,0.00%,0.00%
Dec-82,4,4,0,0,0,100.00%,0.00%,0.00%
Jan-83,25,22,3,0,0,88.00%,12.00%,0.00%
Feb-83,5,5,0,0,0,100.00%,0.00%,0.00%
Mar-83,9,9,0,0,0,100.00%,0.00%,0.00%
Apr-83,15,13,2,0,0,86.70%,13.30%,0.00%
May-83,14,11,3,0,0,78.60%,21.40%,0.00%
Jun-83,9,8,1,0,0,88.90%,11.10%,0.00%
Jul-83,19,19,0,0,0,100.00%,0.00%,0.00%
Aug-83,8,8,0,0,0,100.00%,0.00%,0.00%
Sep-83,8,7,1,0,0,87.50%,12.50%,0.00%
Oct-83,9,8,1,0,0,88.90%,11.10%,0.00%
Nov-83,25,20,5,0,0,80.00%,20.00%,0.00%
Dec-83,8,8,0,0,0,100.00%,0.00%,0.00%
Jan-84,13,10,3,0,0,76.90%,23.10%,0.00%
Feb-84,10,7,3,0,0,70.00%,30.00%,0.00%
Mar-84,16,16,0,0,0,100.00%,0.00%,0.00%
Apr-84,14,11,3,0,0,78.60%,21.40%,0.00%
May-84,9,8,1,0,0,88.90%,11.10%,0.00%
Jun-84,9,9,0,0,0,100.00%,0.00%,0.00%
Jul-84,21,20,1,0,0,95.20%,4.80%,0.00%
Aug-84,12,11,1,0,0,91.70%,8.30%,0.00%
Sep-84,15,12,3,0,0,80.00%,20.00%,0.00%
Oct-84,9,8,1,0,0,88.90%,11.10%,0.00%
Nov-84,8,8,0,0,0,100.00%,0.00%,0.00%
Dec-84,11,11,0,0,0,100.00%,0.00%,0.00%
Jan-85,15,13,2,0,0,86.70%,13.30%,0.00%
Feb-85,7,6,1,0,0,85.70%,14.30%,0.00%
Mar-85,10,7,3,0,0,70.00%,30.00%,0.00%
Apr-85,24,21,3,0,0,87.50%,12.50%,0.00%
May-85,18,17,1,0,0,94.40%,5.60%,0.00%
Jun-85,9,9,0,0,0,100.00%,0.00%,0.00%
Jul-85,19,17,2,0,0,89.50%,10.50%,0.00%
Aug-85,13,10,3,0,0,76.90%,23.10%,0.00%
Sep-85,9,8,1,0,0,88.90%,11.10%,0.00%
Oct-85,9,8,1,0,0,88.90%,11.10%,0.00%
Nov-85,34,29,5,0,0,85.30%,14.70%,0.00%
Dec-85,15,14,1,0,0,93.30%,6.70%,0.00%
Jan-86,18,15,3,0,0,83.30%,16.70%,0.00%
Feb-86,12,11,1,0,0,91.70%,8.30%,0.00%
Mar-86,23,23,0,0,0,100.00%,0.00%,0.00%
Apr-86,15,15,0,0,0,100.00%,0.00%,0.00%
May-86,14,12,2,0,0,85.70%,14.30%,0.00%
Jun-86,11,11,0,0,0,100.00%,0.00%,0.00%
Jul-86,17,16,1,0,0,94.10%,5.90%,0.00%
Aug-86,8,8,0,0,0,100.00%,0.00%,0.00%
Sep-86,12,10,2,0,0,83.30%,16.70%,0.00%
Oct-86,21,21,0,0,0,100.00%,0.00%,0.00%
Nov-86,13,13,0,0,0,100.00%,0.00%,0.00%
Dec-86,8,8,0,0,0,100.00%,0.00%,0.00%
Jan-87,29,26,3,0,0,89.70%,10.30%,0.00%
Feb-87,27,23,4,0,0,85.20%,14.80%,0.00%
Mar-87,25,23,2,0,0,92.00%,8.00%,0.00%
Apr-87,16,14,2,0,0,87.50%,12.50%,0.00%
May-87,17,17,0,0,0,100.00%,0.00%,0.00%
Jun-87,28,24,4,0,0,85.70%,14.30%,0.00%
Jul-87,16,13,3,0,0,81.30%,18.80%,0.00%
Aug-87,13,11,2,0,0,84.60%,15.40%,0.00%
Sep-87,16,14,2,0,0,87.50%,12.50%,0.00%
Oct-87,14,13,1,0,0,92.90%,7.10%,0.00%
Nov-87,16,14,2,0,0,87.50%,12.50%,0.00%
Dec-87,18,14,4,0,0,77.80%,22.20%,0.00%
Jan-88,22,21,1,0,0,95.50%,4.50%,0.00%
Feb-88,11,10,1,0,0,90.90%,9.10%,0.00%
Mar-88,24,20,4,0,0,83.30%,16.70%,0.00%
Apr-88,36,33,3,0,0,91.70%,8.30%,0.00%
May-88,19,17,1,1,0,89.50%,10.50%,0.00%
Jun-88,22,20,2,0,0,90.90%,9.10%,0.00%
Jul-88,26,24,2,0,0,92.30%,7.70%,0.00%
Aug-88,22,19,3,0,0,86.40%,13.60%,0.00%
Sep-88,10,9,1,0,0,90.00%,10.00%,0.00%
Oct-88,23,22,1,0,0,95.70%,4.30%,0.00%
Nov-88,19,18,1,0,0,94.70%,5.30%,0.00%
Dec-88,12,10,2,0,0,83.30%,16.70%,0.00%
Jan-89,26,24,2,0,0,92.30%,7.70%,0.00%
Feb-89,17,15,2,0,0,88.20%,11.80%,0.00%
Mar-89,18,17,1,0,0,94.40%,5.60%,0.00%
Apr-89,24,22,2,0,0,91.70%,8.30%,0.00%
May-89,25,24,1,0,0,96.00%,4.00%,0.00%
Jun-89,18,18,0,0,0,100.00%,0.00%,0.00%
Jul-89,66,58,8,0,0,87.90%,12.10%,0.00%
Aug-89,45,40,5,0,0,88.90%,11.10%,0.00%
Sep-89,25,24,1,0,0,96.00%,4.00%,0.00%
Oct-89,25,24,1,0,0,96.00%,4.00%,0.00%
Nov-89,14,13,1,0,0,92.90%,7.10%,0.00%
Dec-89,17,16,1,0,0,94.10%,5.90%,0.00%
Jan-90,32,29,3,0,0,90.60%,9.40%,0.00%
Feb-90,42,38,4,0,0,90.50%,9.50%,0.00%
Mar-90,31,28,3,0,0,90.30%,9.70%,0.00%
Apr-90,35,33,2,0,0,94.30%,5.70%,0.00%
May-90,30,26,4,0,0,86.70%,13.30%,0.00%
Jun-90,21,18,3,0,0,85.70%,14.30%,0.00%
Jul-90,103,96,7,0,0,93.20%,6.80%,0.00%
Aug-90,30,28,2,0,0,93.30%,6.70%,0.00%
Sep-90,25,21,3,1,0,84.00%,16.00%,0.00%
Oct-90,33,30,3,0,0,90.90%,9.10%,0.00%
Nov-90,30,28,2,0,0,93.30%,6.70%,0.00%
Dec-90,23,22,1,0,0,95.70%,4.30%,0.00%
Jan-91,50,46,4,0,0,92.00%,8.00%,0.00%
Feb-91,34,31,3,0,0,91.20%,8.80%,0.00%
Mar-91,40,39,1,0,0,97.50%,2.50%,0.00%
Apr-91,48,44,4,0,0,91.70%,8.30%,0.00%
May-91,87,78,9,0,0,89.70%,10.30%,0.00%
Jun-91,103,87,16,0,0,84.50%,15.50%,0.00%
Jul-91,45,42,3,0,0,93.30%,6.70%,0.00%
Aug-91,34,29,5,0,0,85.30%,14.70%,0.00%
Sep-91,29,27,2,0,0,93.10%,6.90%,0.00%
Oct-91,23,18,5,0,0,78.30%,21.70%,0.00%
Nov-91,26,25,1,0,0,96.20%,3.80%,0.00%
Dec-91,30,27,3,0,0,90.00%,10.00%,0.00%
Jan-92,32,32,0,0,0,100.00%,0.00%,0.00%
Feb-92,36,34,2,0,0,94.40%,5.60%,0.00%
Mar-92,42,37,5,0,0,88.10%,11.90%,0.00%
Apr-92,45,40,5,0,0,88.90%,11.10%,0.00%
May-92,41,39,2,0,0,95.10%,4.90%,0.00%
Jun-92,42,37,5,0,0,88.10%,11.90%,0.00%
Jul-92,54,48,6,0,0,88.90%,11.10%,0.00%
Aug-92,161,148,13,0,0,91.90%,8.10%,0.00%
Sep-92,32,28,3,1,0,87.50%,12.50%,0.00%
Oct-92,44,40,4,0,0,90.90%,9.10%,0.00%
Nov-92,38,35,3,0,0,92.10%,7.90%,0.00%
Dec-92,36,32,4,0,0,88.90%,11.10%,0.00%
Jan-93,44,41,3,0,0,93.20%,6.80%,0.00%
Feb-93,56,52,4,0,0,92.90%,7.10%,0.00%
Mar-93,50,47,3,0,0,94.00%,6.00%,0.00%
Apr-93,46,43,3,0,0,93.50%,6.50%,0.00%
May-93,58,53,5,0,0,91.40%,8.60%,0.00%
Jun-93,48,45,3,0,0,93.80%,6.30%,0.00%
Jul-93,77,70,7,0,0,90.90%,9.10%,0.00%
Aug-93,66,59,7,0,0,89.40%,10.60%,0.00%
Sep-93,131,116,15,0,0,88.50%,11.50%,0.00%
Oct-93,61,55,5,1,0,90.20%,9.80%,0.00%
Nov-93,31,30,1,0,0,96.80%,3.20%,0.00%
Dec-93,41,41,0,0,0,100.00%,0.00%,0.00%
Jan-94,71,63,8,0,0,88.70%,11.30%,0.00%
Feb-94,53,45,8,0,0,84.90%,15.10%,0.00%
Mar-94,75,71,4,0,0,94.70%,5.30%,0.00%
Apr-94,62,53,9,0,0,85.50%,14.50%,0.00%
May-94,69,66,3,0,0,95.70%,4.30%,0.00%
Jun-94,52,46,6,0,0,88.50%,11.50%,0.00%
Jul-94,67,60,6,1,0,89.60%,10.40%,0.00%
Aug-94,43,41,2,0,0,95.30%,4.70%,0.00%
Sep-94,48,43,5,0,0,89.60%,10.40%,0.00%
Oct-94,65,60,5,0,0,92.30%,7.70%,0.00%
Nov-94,68,59,9,0,0,86.80%,13.20%,0.00%
Dec-94,147,133,14,0,0,90.50%,9.50%,0.00%
Jan-95,71,65,5,1,0,91.50%,8.50%,0.00%
Feb-95,51,45,6,0,0,88.20%,11.80%,0.00%
Mar-95,73,66,7,0,0,90.40%,9.60%,0.00%
Apr-95,56,48,8,0,0,85.70%,14.30%,0.00%
May-95,79,74,5,0,0,93.70%,6.30%,0.00%
Jun-95,58,53,5,0,0,91.40%,8.60%,0.00%
Jul-95,82,79,3,0,0,96.30%,3.70%,0.00%
Aug-95,58,48,10,0,0,82.80%,17.20%,0.00%
Sep-95,50,46,4,0,0,92.00%,8.00%,0.00%
Oct-95,137,125,12,0,0,91.20%,8.80%,0.00%
Nov-95,63,57,6,0,0,90.50%,9.50%,0.00%
Dec-95,72,70,2,0,0,97.20%,2.80%,0.00%
Jan-96,95,90,5,0,0,94.70%,5.30%,0.00%
Feb-96,73,64,9,0,0,87.70%,12.30%,0.00%
Mar-96,63,58,5,0,0,92.10%,7.90%,0.00%
Apr-96,65,61,4,0,0,93.80%,6.20%,0.00%
May-96,68,62,6,0,0,91.20%,8.80%,0.00%
Jun-96,67,64,3,0,0,95.50%,4.50%,0.00%
Jul-96,80,74,6,0,0,92.50%,7.50%,0.00%
Aug-96,73,67,6,0,0,91.80%,8.20%,0.00%
Sep-96,52,49,3,0,0,94.20%,5.80%,0.00%
Oct-96,81,72,9,0,0,88.90%,11.10%,0.00%
Nov-96,84,78,6,0,0,92.90%,7.10%,0.00%
Dec-96,109,99,10,0,0,90.80%,9.20%,0.00%
Jan-97,90,84,6,0,0,93.30%,6.70%,0.00%
Feb-97,58,56,2,0,0,96.60%,3.40%,0.00%
Mar-97,76,73,3,0,0,96.10%,3.90%,0.00%
Apr-97,95,86,9,0,0,90.50%,9.50%,0.00%
May-97,82,76,6,0,0,92.70%,7.30%,0.00%
Jun-97,67,64,3,0,0,95.50%,4.50%,0.00%
Jul-97,80,74,6,0,0,92.50%,7.50%,0.00%
Aug-97,63,59,4,0,0,93.70%,6.30%,0.00%
Sep-97,77,73,4,0,0,94.80%,5.20%,0.00%
Oct-97,96,86,9,1,0,89.60%,10.40%,0.00%
Nov-97,192,183,9,0,0,95.30%,4.70%,0.00%
Dec-97,63,60,3,0,0,95.20%,4.80%,0.00%
Jan-98,120,109,11,0,0,90.80%,9.20%,0.00%
Feb-98,68,66,2,0,0,97.10%,2.90%,0.00%
Mar-98,77,70,7,0,0,90.90%,9.10%,0.00%
Apr-98,75,68,7,0,0,90.70%,9.30%,0.00%
May-98,81,74,7,0,0,91.40%,8.60%,0.00%
Jun-98,65,59,6,0,0,90.80%,9.20%,0.00%
Jul-98,86,74,12,0,0,86.00%,14.00%,0.00%
Aug-98,86,79,7,0,0,91.90%,8.10%,0.00%
Sep-98,97,86,11,0,0,88.70%,11.30%,0.00%
Oct-98,77,71,6,0,0,92.20%,7.80%,0.00%
Nov-98,95,88,7,0,0,92.60%,7.40%,0.00%
Dec-98,89,84,5,0,0,94.40%,5.60%,0.00%
Jan-99,122,114,8,0,0,93.40%,6.60%,0.00%
Feb-99,92,84,8,0,0,91.30%,8.70%,0.00%
Mar-99,115,107,7,1,0,93.00%,7.00%,0.00%
Apr-99,112,102,10,0,0,91.10%,8.90%,0.00%
May-99,174,161,13,0,0,92.50%,7.50%,0.00%
Jun-99,99,90,9,0,0,90.90%,9.10%,0.00%
Jul-99,159,151,8,0,0,95.00%,5.00%,0.00%
Aug-99,119,109,10,0,0,91.60%,8.40%,0.00%
Sep-99,116,112,4,0,0,96.60%,3.40%,0.00%
Oct-99,160,143,16,1,0,89.40%,10.60%,0.00%
Nov-99,135,128,7,0,0,94.80%,5.20%,0.00%
Dec-99,129,119,10,0,0,92.20%,7.80%,0.00%
Jan-00,153,138,15,0,0,90.20%,9.80%,0.00%
Feb-00,106,100,6,0,0,94.30%,5.70%,0.00%
Mar-00,155,145,10,0,0,93.50%,6.50%,0.00%
Apr-00,165,156,9,0,0,94.50%,5.50%,0.00%
May-00,137,127,10,0,0,92.70%,7.30%,0.00%
Jun-00,134,120,14,0,0,89.60%,10.40%,0.00%
Jul-00,148,132,15,1,0,89.20%,10.80%,0.00%
Aug-00,130,117,13,0,0,90.00%,10.00%,0.00%
Sep-00,121,109,12,0,0,90.10%,9.90%,0.00%
Oct-00,154,146,8,0,0,94.80%,5.20%,0.00%
Nov-00,143,128,15,0,0,89.50%,10.50%,0.00%
Dec-00,116,108,8,0,0,93.10%,6.90%,0.00%
Jan-01,141,121,20,0,0,85.80%,14.20%,0.00%
Feb-01,143,129,14,0,0,90.20%,9.80%,0.00%
Mar-01,157,144,13,0,0,91.70%,8.30%,0.00%
Apr-01,148,138,9,1,0,93.20%,6.80%,0.00%
May-01,130,120,10,0,0,92.30%,7.70%,0.00%
Jun-01,125,117,8,0,0,93.60%,6.40%,0.00%
Jul-01,175,163,12,0,0,93.10%,6.90%,0.00%
Aug-01,164,155,9,0,0,94.50%,5.50%,0.00%
Sep-01,143,136,7,0,0,95.10%,4.90%,0.00%
Oct-01,127,117,10,0,0,92.10%,7.90%,0.00%
Nov-01,127,115,12,0,0,90.60%,9.40%,0.00%
Dec-01,124,115,9,0,0,92.70%,7.30%,0.00%
Jan-02,198,184,13,1,0,92.90%,7.10%,0.00%
Feb-02,138,129,9,0,0,93.50%,6.50%,0.00%
Mar-02,191,168,22,1,0,88.00%,12.00%,0.00%
Apr-02,171,159,12,0,0,93.00%,7.00%,0.00%
May-02,169,158,11,0,0,93.50%,6.50%,0.00%
Jun-02,113,104,7,2,0,92.00%,8.00%,0.00%
Jul-02,198,182,16,0,0,91.90%,8.10%,0.00%
Aug-02,170,152,18,0,0,89.40%,10.60%,0.00%
Sep-02,145,124,21,0,0,85.50%,14.50%,0.00%
Oct-02,165,147,18,0,0,89.10%,10.90%,0.00%
Nov-02,139,120,19,0,0,86.30%,13.70%,0.00%
Dec-02,126,113,12,1,0,89.70%,10.30%,0.00%
Jan-03,187,176,11,0,0,94.10%,5.90%,0.00%
Feb-03,156,145,11,0,0,92.90%,7.10%,0.00%
Mar-03,164,142,21,1,0,86.60%,13.40%,0.00%
Apr-03,211,191,20,0,0,90.50%,9.50%,0.00%
May-03,164,154,10,0,0,93.90%,6.10%,0.00%
Jun-03,148,130,18,0,0,87.80%,12.20%,0.00%
Jul-03,182,169,13,0,0,92.90%,7.10%,0.00%
Aug-03,135,118,17,0,0,87.40%,12.60%,0.00%
Sep-03,115,105,10,0,0,91.30%,8.70%,0.00%
Oct-03,200,183,17,0,0,91.50%,8.50%,0.00%
Nov-03,130,121,9,0,0,93.10%,6.90%,0.00%
Dec-03,121,105,16,0,0,86.80%,13.20%,0.00%
Jan-04,210,175,34,1,0,83.30%,16.70%,0.00%
Feb-04,147,131,16,0,0,89.10%,10.90%,0.00%
Mar-04,179,168,11,0,0,93.90%,6.10%,0.00%
Apr-04,180,162,18,0,0,90.00%,10.00%,0.00%
May-04,201,185,16,0,0,92.00%,8.00%,0.00%
Jun-04,165,148,17,0,0,89.70%,10.30%,0.00%
Jul-04,156,145,11,0,0,92.90%,7.10%,0.00%
Aug-04,140,125,15,0,0,89.30%,10.70%,0.00%
Sep-04,124,110,14,0,0,88.70%,11.30%,0.00%
Oct-04,128,112,16,0,0,87.50%,12.50%,0.00%
Nov-04,142,126,16,0,0,88.70%,11.30%,0.00%
Dec-04,160,144,16,0,0,90.00%,10.00%,0.00%
Jan-05,203,178,25,0,0,87.70%,12.30%,0.00%
Feb-05,151,140,11,0,0,92.70%,7.30%,0.00%
Mar-05,207,184,22,1,0,88.90%,11.10%,0.00%
Apr-05,167,151,16,0,0,90.40%,9.60%,0.00%
May-05,192,177,14,1,0,92.20%,7.80%,0.00%
Jun-05,161,139,22,0,0,86.30%,13.70%,0.00%
Jul-05,188,167,21,0,0,88.80%,11.20%,0.00%
Aug-05,132,118,14,0,0,89.40%,10.60%,0.00%
Sep-05,152,137,15,0,0,90.10%,9.90%,0.00%
Oct-05,141,127,14,0,0,90.10%,9.90%,0.00%
Nov-05,165,150,15,0,0,90.90%,9.10%,0.00%
Dec-05,142,129,12,1,0,90.80%,9.20%,0.00%
Jan-06,210,193,17,0,0,91.90%,8.10%,0.00%
Feb-06,172,156,16,0,0,90.70%,9.30%,0.00%
Mar-06,197,181,16,0,0,91.90%,8.10%,0.00%
Apr-06,216,192,24,0,0,88.90%,11.10%,0.00%
May-06,178,159,19,0,0,89.30%,10.70%,0.00%
Jun-06,184,155,29,0,0,84.20%,15.80%,0.00%
Jul-06,186,160,26,0,0,86.00%,14.00%,0.00%
Aug-06,189,173,16,0,0,91.50%,8.50%,0.00%
Sep-06,183,164,19,0,0,89.60%,10.40%,0.00%
Oct-06,150,127,22,1,0,84.70%,15.30%,0.00%
Nov-06,155,137,18,0,0,88.40%,11.60%,0.00%
Dec-06,155,140,15,0,0,90.30%,9.70%,0.00%
Jan-07,260,242,18,0,0,93.10%,6.90%,0.00%
Feb-07,225,201,23,1,0,89.30%,10.70%,0.00%
Mar-07,221,198,23,0,0,89.60%,10.40%,0.00%
Apr-07,238,214,22,2,0,89.90%,10.10%,0.00%
May-07,184,165,19,0,0,89.70%,10.30%,0.00%
Jun-07,199,181,18,0,0,91.00%,9.00%,0.00%
Jul-07,184,163,21,0,0,88.60%,11.40%,0.00%
Aug-07,177,160,16,1,0,90.40%,9.60%,0.00%
Sep-07,148,131,17,0,0,88.50%,11.50%,0.00%
Oct-07,206,183,23,0,0,88.80%,11.20%,0.00%
Nov-07,187,164,22,1,0,87.70%,12.30%,0.00%
Dec-07,157,144,13,0,0,91.70%,8.30%,0.00%
Jan-08,269,244,25,0,0,90.70%,9.30%,0.00%
Feb-08,200,181,17,2,0,90.50%,9.50%,0.00%
Mar-08,225,201,23,1,0,89.30%,10.70%,0.00%
Apr-08,243,206,37,0,0,84.80%,15.20%,0.00%
May-08,233,205,28,0,0,88.00%,12.00%,0.00%
Jun-08,166,151,15,0,0,91.00%,9.00%,0.00%
Jul-08,252,226,26,0,0,89.70%,10.30%,0.00%
Aug-08,156,141,15,0,0,90.40%,9.60%,0.00%
Sep-08,176,157,19,0,0,89.20%,10.80%,0.00%
Oct-08,216,189,27,0,0,87.50%,12.50%,0.00%
Nov-08,151,130,21,0,0,86.10%,13.90%,0.00%
Dec-08,144,132,12,0,0,91.70%,8.30%,0.00%
Jan-09,207,178,28,1,0,86.00%,14.00%,0.00%
Feb-09,187,161,26,0,0,86.10%,13.90%,0.00%
Mar-09,210,188,22,0,0,89.50%,10.50%,0.00%
Apr-09,238,211,27,0,0,88.70%,11.30%,0.00%
May-09,186,169,17,0,0,90.90%,9.10%,0.00%
Jun-09,193,164,29,0,0,85.00%,15.00%,0.00%
Jul-09,273,238,35,0,0,87.20%,12.80%,0.00%
Aug-09,194,172,22,0,0,88.70%,11.30%,0.00%
Sep-09,237,213,24,0,0,89.90%,10.10%,0.00%
Oct-09,224,208,16,0,0,92.90%,7.10%,0.00%
Nov-09,200,179,21,0,0,89.50%,10.50%,0.00%
Dec-09,230,204,26,0,0,88.70%,11.30%,0.00%
Jan-10,292,265,26,1,0,90.80%,9.20%,0.00%
Feb-10,210,186,24,0,0,88.60%,11.40%,0.00%
Mar-10,288,264,24,0,0,91.70%,8.30%,0.00%
Apr-10,288,256,31,1,0,88.90%,11.10%,0.00%
May-10,221,189,32,0,0,85.50%,14.50%,0.00%
Jun-10,237,207,30,0,0,87.30%,12.70%,0.00%
Jul-10,291,260,31,0,0,89.30%,10.70%,0.00%
Aug-10,239,221,18,0,0,92.50%,7.50%,0.00%
Sep-10,227,204,23,0,0,89.90%,10.10%,0.00%
Oct-10,268,245,23,0,0,91.40%,8.60%,0.00%
Nov-10,234,203,30,1,0,86.80%,13.20%,0.00%
Dec-10,254,222,32,0,0,87.40%,12.60%,0.00%
Jan-11,348,312,34,2,0,89.70%,10.30%,0.00%
Feb-11,213,177,36,0,0,83.10%,16.90%,0.00%
Mar-11,332,295,37,0,0,88.90%,11.10%,0.00%
Apr-11,346,301,45,0,0,87.00%,13.00%,0.00%
May-11,273,237,34,2,0,86.80%,13.20%,0.00%
Jun-11,275,239,35,1,0,86.90%,13.10%,0.00%
Jul-11,357,317,38,2,0,88.80%,11.20%,0.00%
Aug-11,294,259,35,0,0,88.10%,11.90%,0.00%
Sep-11,281,250,30,1,0,89.00%,11.00%,0.00%
Oct-11,281,248,32,1,0,88.30%,11.70%,0.00%
Nov-11,295,256,39,0,0,86.80%,13.20%,0.00%
Dec-11,290,254,36,0,0,87.60%,12.40%,0.00%
Jan-12,323,273,49,1,0,84.50%,15.50%,0.00%
Feb-12,331,295,36,0,0,89.10%,10.90%,0.00%
Mar-12,366,319,47,0,0,87.20%,12.80%,0.00%
Apr-12,336,294,41,1,0,87.50%,12.50%,0.00%
May-12,362,321,41,0,0,88.70%,11.30%,0.00%
Jun-12,307,274,33,0,0,89.30%,10.70%,0.00%
Jul-12,344,298,45,1,0,86.60%,13.40%,0.00%
Aug-12,297,252,45,0,0,84.80%,15.20%,0.00%
Sep-12,299,258,40,1,0,86.30%,13.70%,0.00%
Oct-12,317,279,37,1,0,88.00%,12.00%,0.00%
Nov-12,296,257,39,0,0,86.80%,13.20%,0.00%
Dec-12,263,225,37,1,0,85.60%,14.40%,0.00%
Jan-13,414,367,45,2,0,88.60%,11.40%,0.00%
Feb-13,317,272,43,2,0,85.80%,14.20%,0.00%
Mar-13,372,324,46,2,0,87.10%,12.90%,0.00%
Apr-13,410,353,55,2,0,86.10%,13.90%,0.00%
May-13,354,306,48,0,0,86.40%,13.60%,0.00%
Jun-13,355,298,56,1,0,83.90%,16.10%,0.00%
Jul-13,398,346,51,1,0,86.90%,13.10%,0.00%
Aug-13,364,296,67,1,0,81.30%,18.70%,0.00%
Sep-13,337,285,52,0,0,84.60%,15.40%,0.00%
Oct-13,363,298,63,2,0,82.10%,17.90%,0.00%
Nov-13,340,293,46,1,0,86.20%,13.80%,0.00%
Dec-13,363,312,51,0,0,86.00%,14.00%,0.00%
Jan-14,455,396,58,1,0,87.00%,13.00%,0.00%
Feb-14,417,339,76,2,0,81.30%,18.70%,0.00%
Mar-14,508,439,68,1,0,86.40%,13.60%,0.00%
Apr-14,522,438,83,1,0,83.90%,16.10%,0.00%
May-14,428,364,63,1,0,85.00%,15.00%,0.00%
Jun-14,474,395,78,1,0,83.30%,16.70%,0.00%
Jul-14,536,464,72,0,0,86.60%,13.40%,0.00%
Aug-14,435,380,55,0,0,87.40%,12.60%,0.00%
Sep-14,420,349,69,2,0,83.10%,16.90%,0.00%
Oct-14,534,440,93,1,0,82.40%,17.60%,0.00%
Nov-14,419,347,72,0,0,82.80%,17.20%,0.00%
Dec-14,412,347,65,0,0,84.20%,15.80%,0.00%
Jan-15,557,470,86,1,0,84.40%,15.60%,0.00%
Feb-15,426,375,51,0,0,88.00%,12.00%,0.00%
Mar-15,518,431,86,1,0,83.20%,16.80%,0.00%
Apr-15,538,435,101,2,0,80.90%,19.10%,0.00%
May-15,458,390,67,1,0,85.20%,14.80%,0.00%
Jun-15,508,416,92,0,0,81.90%,18.10%,0.00%
Jul-15,526,418,108,0,0,79.50%,20.50%,0.00%
Aug-15,471,385,84,2,0,81.70%,18.30%,0.00%
Sep-15,479,384,94,1,0,80.20%,19.80%,0.00%
Oct-15,534,440,93,1,0,82.40%,17.60%,0.00%
Nov-15,542,443,99,0,0,81.70%,18.30%,0.00%
Dec-15,441,357,83,1,0,81.00%,19.00%,0.00%
Jan-16,610,513,97,0,0,84.10%,15.90%,0.00%
Feb-16,492,402,88,2,0,81.70%,18.30%,0.00%
Mar-16,645,522,123,0,0,80.90%,19.10%,0.00%
Apr-16,610,486,123,1,0,79.70%,20.30%,0.00%
May-16,577,453,124,0,0,78.50%,21.50%,0.00%
Jun-16,588,471,117,0,0,80.10%,19.90%,0.00%
Jul-16,635,526,108,1,0,82.80%,17.20%,0.00%
Aug-16,608,477,128,3,0,78.50%,21.50%,0.00%
Sep-16,534,420,114,0,0,78.70%,21.30%,0.00%
Oct-16,597,472,124,1,0,79.10%,20.90%,0.00%
Nov-16,613,491,122,0,0,80.10%,19.90%,0.00%
Dec-16,556,452,104,0,0,81.30%,18.70%,0.00%
Jan-17,692,565,127,0,0,81.60%,18.40%,0.00%
Feb-17,671,533,136,2,0,79.40%,20.60%,0.00%
Mar-17,816,659,154,3,0,80.80%,19.20%,0.00%
Apr-17,722,572,150,0,0,79.20%,20.80%,0.00%
May-17,668,539,129,0,0,80.70%,19.30%,0.00%
Jun-17,768,612,151,5,0,79.70%,20.30%,0.00%
Jul-17,746,594,150,2,0,79.60%,20.40%,0.00%
Aug-17,638,504,133,1,0,79.00%,21.00%,0.00%
Sep-17,751,568,179,4,0,75.60%,24.40%,0.00%
Oct-17,569,431,137,1,0,75.70%,24.30%,0.00%
Nov-17,696,550,146,0,0,79.00%,21.00%,0.00%
Dec-17,703,540,162,1,0,76.80%,23.20%,0.00%
Jan-18,874,678,193,3,0,77.60%,22.40%,0.00%
Feb-18,707,553,153,1,0,78.20%,21.80%,0.00%
Mar-18,947,733,212,2,0,77.40%,22.60%,0.00%
Apr-18,913,700,207,6,0,76.70%,23.30%,0.00%
May-18,883,662,218,3,0,75.00%,25.00%,0.00%
Jun-18,878,661,217,0,0,75.30%,24.70%,0.00%
Jul-18,924,698,225,1,0,75.50%,24.50%,0.00%
Aug-18,835,623,211,1,0,74.60%,25.40%,0.00%
Sep-18,784,559,221,4,0,71.30%,28.70%,0.00%
Oct-18,994,713,274,7,0,71.70%,28.30%,0.00%
Nov-18,901,664,236,1,0,73.70%,26.30%,0.00%
Dec-18,841,591,246,4,0,70.30%,29.70%,0.00%
Jan-19,1219,933,284,2,0,76.50%,23.50%,0.00%
Feb-19,867,640,226,1,0,73.80%,26.20%,0.00%
Mar-19,1169,838,330,1,0,71.70%,28.30%,0.00%
Apr-19,1190,860,328,2,0,72.30%,27.70%,0.00%
May-19,1051,740,308,3,0,70.40%,29.60%,0.00%
Jun-19,998,699,296,3,0,70.00%,30.00%,0.00%
Jul-19,1246,884,357,5,0,70.90%,29.10%,0.00%
Aug-19,1091,779,308,4,0,71.40%,28.60%,0.00%
Sep-19,1003,714,286,3,0,71.20%,28.80%,0.00%
Oct-19,1179,801,375,3,0,67.90%,32.10%,0.00%
Nov-19,1207,803,402,2,0,66.50%,33.50%,0.00%
Dec-19,1120,781,337,2,0,69.70%,30.30%,0.00%
Jan-20,1252,900,351,1,0,71.90%,28.10%,0.00%
Feb-20,1108,777,327,4,0,70.10%,29.90%,0.00%
Mar-20,979,699,279,1,0,71.40%,28.60%,0.00%
