구,업종,총계,현재_22년9월 기준영업중,현재_22년9월 기준 폐업자,현재_22년9월 기준 휴업자,현재_22년9월 기준 기타_오류,생존율,휴폐업율
동구,건설업,506,466,37,3,0,92.1%,7.9%
동구,교육 서비스업,404,338,66,0,0,83.7%,16.3%
동구,금융 및 보험업,13,11,2,0,0,84.6%,15.4%
동구,기타,959,654,304,1,0,68.2%,31.8%
동구,농업 임업 및 어업,3,3,0,0,0,100.0%,0.0%
동구,도매 및 소매업,4709,4067,633,9,0,86.4%,13.6%
동구,보건업 및 사회복지 서비스업,192,176,16,0,0,91.7%,8.3%
동구,부동산업,625,555,69,1,0,88.8%,11.2%
동구,사업시설 관리 사업 지원 및 임대 서비스업,126,114,12,0,0,90.5%,9.5%
동구,수도 하수 및 폐기물 처리 원료 재생업,2,2,0,0,0,100.0%,0.0%
동구,숙박 및 음식점업,2821,2103,711,7,0,74.5%,25.5%
동구,예술 스포츠 및 여가관련 서비스업,354,270,84,0,0,76.3%,23.7%
동구,운수 및 창고업,2169,1861,306,2,0,85.8%,14.2%
동구,전기 가스 증기 및 공기 조절 공급업,6,6,0,0,0,100.0%,0.0%
동구,전문 과학 및 기술 서비스업,350,312,35,3,0,89.1%,10.9%
동구,정보통신업,262,248,14,0,0,94.7%,5.3%
동구,제조업,840,779,59,2,0,92.7%,7.3%
동구,협회 및 단체 수리 및 기타 개인 서비스업,1282,1112,167,3,0,86.7%,13.3%
중구,건설업,1495,1361,129,5,0,91.0%,9.0%
중구,교육 서비스업,504,401,103,0,0,79.6%,20.4%
중구,금융 및 보험업,33,32,1,0,0,97.0%,3.0%
중구,기타,1176,731,442,3,0,62.2%,37.8%
중구,농업 임업 및 어업,4,4,0,0,0,100.0%,0.0%
중구,도매 및 소매업,4898,4089,794,15,0,83.5%,16.5%
중구,보건업 및 사회복지 서비스업,192,172,19,1,0,89.6%,10.4%
중구,부동산업,688,597,90,1,0,86.8%,13.2%
중구,사업시설 관리 사업 지원 및 임대 서비스업,885,781,103,1,0,88.2%,11.8%
중구,수도 하수 및 폐기물 처리 원료 재생업,1,1,0,0,0,100.0%,0.0%
중구,숙박 및 음식점업,3480,2533,937,10,0,72.8%,27.2%
중구,예술 스포츠 및 여가관련 서비스업,437,321,113,3,0,73.5%,26.5%
중구,운수 및 창고업,2820,2414,406,0,0,85.6%,14.4%
중구,전기 가스 증기 및 공기 조절 공급업,6,5,1,0,0,83.3%,16.7%
중구,전문 과학 및 기술 서비스업,511,455,55,1,0,89.0%,11.0%
중구,정보통신업,87,80,7,0,0,92.0%,8.0%
중구,제조업,474,430,42,2,0,90.7%,9.3%
중구,협회 및 단체 수리 및 기타 개인 서비스업,1645,1415,227,3,0,86.0%,14.0%
서구,건설업,1142,1060,77,5,0,92.8%,7.2%
서구,교육 서비스업,1311,1091,219,1,0,83.2%,16.8%
서구,금융 및 보험업,99,96,3,0,0,97.0%,3.0%
서구,기타,2076,1342,728,6,0,64.6%,35.4%
서구,농업 임업 및 어업,4,3,0,1,0,75.0%,25.0%
서구,도매 및 소매업,7299,6143,1140,16,0,84.2%,15.8%
서구,보건업 및 사회복지 서비스업,442,419,23,0,0,94.8%,5.2%
서구,부동산업,1588,1443,145,0,0,90.9%,9.1%
서구,사업시설 관리 사업 지원 및 임대 서비스업,468,423,44,1,0,90.4%,9.6%
서구,수도 하수 및 폐기물 처리 원료 재생업,2,2,0,0,0,100.0%,0.0%
서구,숙박 및 음식점업,5483,3835,1643,5,0,69.9%,30.1%
서구,예술 스포츠 및 여가관련 서비스업,914,658,255,1,0,72.0%,28.0%
서구,운수 및 창고업,3336,2972,362,2,0,89.1%,10.9%
서구,전기 가스 증기 및 공기 조절 공급업,13,11,2,0,0,84.6%,15.4%
서구,전문 과학 및 기술 서비스업,911,835,74,2,0,91.7%,8.3%
서구,정보통신업,187,163,24,0,0,87.2%,12.8%
서구,제조업,589,531,58,0,0,90.2%,9.8%
서구,협회 및 단체 수리 및 기타 개인 서비스업,2996,2569,422,5,0,85.7%,14.3%
유성구,건설업,926,842,79,5,0,90.9%,9.1%
유성구,공공 행정 국방 및 사회보장 행정,1,1,0,0,0,100.0%,0.0%
유성구,교육 서비스업,975,818,156,1,0,83.9%,16.1%
유성구,금융 및 보험업,11,11,0,0,0,100.0%,0.0%
유성구,기타,1516,985,523,8,0,65.0%,35.0%
유성구,농업 임업 및 어업,10,10,0,0,0,100.0%,0.0%
유성구,도매 및 소매업,4914,4127,773,14,0,84.0%,16.0%
유성구,보건업 및 사회복지 서비스업,261,244,17,0,0,93.5%,6.5%
유성구,부동산업,1481,1321,157,3,0,89.2%,10.8%
유성구,사업시설 관리 사업 지원 및 임대 서비스업,236,210,26,0,0,89.0%,11.0%
유성구,수도 하수 및 폐기물 처리 원료 재생업,2,2,0,0,0,100.0%,0.0%
유성구,숙박 및 음식점업,4294,3048,1246,0,0,71.0%,29.0%
유성구,예술 스포츠 및 여가관련 서비스업,560,417,142,1,0,74.5%,25.5%
유성구,운수 및 창고업,1742,1484,258,0,0,85.2%,14.8%
유성구,전기 가스 증기 및 공기 조절 공급업,12,12,0,0,0,100.0%,0.0%
유성구,전문 과학 및 기술 서비스업,534,490,40,4,0,91.8%,8.2%
유성구,정보통신업,163,152,11,0,0,93.3%,6.7%
유성구,제조업,788,742,42,4,0,94.2%,5.8%
유성구,협회 및 단체 수리 및 기타 개인 서비스업,1977,1692,282,3,0,85.6%,14.4%
대덕구,건설업,785,725,58,2,0,92.4%,7.6%
대덕구,공공 행정 국방 및 사회보장 행정,1,1,0,0,0,100.0%,0.0%
대덕구,교육 서비스업,355,285,70,0,0,80.3%,19.7%
대덕구,금융 및 보험업,5,5,0,0,0,100.0%,0.0%
대덕구,기타,1078,787,291,0,0,73.0%,27.0%
대덕구,농업 임업 및 어업,6,6,0,0,0,100.0%,0.0%
대덕구,도매 및 소매업,4232,3756,471,5,0,88.8%,11.2%
대덕구,보건업 및 사회복지 서비스업,121,112,9,0,0,92.6%,7.4%
대덕구,부동산업,541,493,46,2,0,91.1%,8.9%
대덕구,사업시설 관리 사업 지원 및 임대 서비스업,248,223,25,0,0,89.9%,10.1%
대덕구,수도 하수 및 폐기물 처리 원료 재생업,1,1,0,0,0,100.0%,0.0%
대덕구,숙박 및 음식점업,2304,1714,589,1,0,74.4%,25.6%
대덕구,예술 스포츠 및 여가관련 서비스업,358,264,94,0,0,73.7%,26.3%
대덕구,운수 및 창고업,2979,2590,387,2,0,86.9%,13.1%
대덕구,전기 가스 증기 및 공기 조절 공급업,23,23,0,0,0,100.0%,0.0%
대덕구,전문 과학 및 기술 서비스업,331,301,30,0,0,90.9%,9.1%
대덕구,정보통신업,72,68,4,0,0,94.4%,5.6%
대덕구,제조업,1455,1375,79,1,0,94.5%,5.5%
대덕구,협회 및 단체 수리 및 기타 개인 서비스업,1165,1014,148,3,0,87.0%,13.0%
