addr1,addr2,areacode,cat1,cat2,cat3,contentid,contenttypeid,createdtime,firstimage,firstimage2,cpyrhtDivCd,mapx,mapy,mlevel,modifiedtime,sigungucode,tel,title,zipcode,lDongRegnCd,lDongSignguCd,lclsSystm1,lclsSystm2,lclsSystm3,contenttype_label
대전광역시 유성구 구성동,,3,A01,A0101,A01011800,1623750,12,20120507200148,http://tong.visitkorea.or.kr/cms/resource/38/3564738_image2_1.jpg,http://tong.visitkorea.or.kr/cms/resource/38/3564738_image3_1.jpg,Type1,127.3626169166,36.3628471396,6,20251117143540,4,,갑천,34142,30,200,NA,NA02,NA020100,관광지
대전광역시 유성구 학하서로63번길 26 (계산동),,3,A02,A0201,A02010800,2758282,12,20211019000430,http://tong.visitkorea.or.kr/cms/resource/62/3564962_image2_1.jpg,http://tong.visitkorea.or.kr/cms/resource/62/3564962_image3_1.jpg,Type1,127.2985204289,36.3423455726,6,20251117134207,4,,광수사,34208,30,200,HS,HS03,HS030100,관광지
대전광역시 유성구 현충원로 251,,3,A02,A0201,A02011000,126003,12,20031217090000,http://tong.visitkorea.or.kr/cms/resource/63/3512563_image2_1.jpg,http://tong.visitkorea.or.kr/cms/resource/63/3512563_image3_1.jpg,Type3,127.2985587765,36.3622460736,6,20250731104736,4,,국립대전현충원 보훈둘레길,34151,30,200,HS,HS04,HS040200,관광지
대전광역시 대덕구 미호동,57,3,A01,A0101,A01010700,2790930,12,20211210002752,http://tong.visitkorea.or.kr/cms/resource/06/3336206_image2_1.jpg,http://tong.visitkorea.or.kr/cms/resource/06/3336206_image3_1.jpg,Type3,127.4726180019,36.4714477773,6,20250318205227,1,,금강로하스 대청공원 (암석식물원),34316,30,230,NA,NA04,NA040700,관광지
대전광역시 대덕구 미호동,,3,A02,A0202,A02020700,2407303,12,20160901235634,http://tong.visitkorea.or.kr/cms/resource/50/3542250_image2_1.jpg,http://tong.visitkorea.or.kr/cms/resource/50/3542250_image3_1.jpg,Type1,127.4735845216,36.4736697622,6,20251023143000,1,,금강로하스대청공원,34316,30,230,VE,VE03,VE030100,관광지
대전광역시 대덕구 석봉동,779,3,A02,A0202,A02020700,2913032,12,20221121102702,http://tong.visitkorea.or.kr/cms/resource/25/2913025_image2_1.jpg,http://tong.visitkorea.or.kr/cms/resource/25/2913025_image3_1.jpg,Type3,127.4208120024,36.4541238369,6,20251030155833,1,,금강로하스산호빛공원,34305,30,230,VE,VE03,VE030400,관광지
대전광역시 대덕구 신상로 65-100 (비래동),,3,A02,A0202,A02020700,1622646,12,20120504233804,http://tong.visitkorea.or.kr/cms/resource/54/3565054_image2_1.jpg,http://tong.visitkorea.or.kr/cms/resource/54/3565054_image3_1.jpg,Type1,127.4599887832,36.3621295080,6,20251113153916,1,,길치문화공원,34413,30,230,VE,VE03,VE030400,관광지
대전광역시 동구 회남로 117,(신하동),3,A02,A0201,A02010700,1126556,12,20101111193057,http://tong.visitkorea.or.kr/cms/resource/46/3033446_image2_1.JPG,http://tong.visitkorea.or.kr/cms/resource/46/3033446_image3_1.JPG,Type3,127.4986187867,36.3576223794,6,20250616181829,2,,김정선생묘소일원,34501,30,110,HS,HS01,HS010800,관광지
대전광역시 유성구 엑스포로 1 (도룡동),,3,A02,A0203,A02030400,3454325,12,20241220104446,http://tong.visitkorea.or.kr/cms/resource/96/3452996_image2_1.jpg,http://tong.visitkorea.or.kr/cms/resource/96/3452996_image3_1.jpg,Type1,127.3821981620,36.3752377361,6,20250731084856,4,,꿀잼도시 대전홍보관,34126,30,200,EX,EX07,EX070200,관광지
대전광역시 동구 충정로 53,,3,A02,A0201,A02010700,1955668,12,20141014023612,http://tong.visitkorea.or.kr/cms/resource/40/3565240_image2_1.jpg,http://tong.visitkorea.or.kr/cms/resource/40/3565240_image3_1.jpg,Type1,127.4566200320,36.3477310948,6,20251113175233,2,,남간정사,34505,30,110,HS,HS01,HS010900,관광지
대전광역시 서구 남선로 66,,3,A02,A0202,A02020700,2758252,12,20211018235011,http://tong.visitkorea.or.kr/cms/resource/24/3565624_image2_1.jpg,http://tong.visitkorea.or.kr/cms/resource/24/3565624_image3_1.jpg,Type1,127.3967004547,36.3453025300,6,20251117100552,3,,남선공원,35254,30,170,VE,VE03,VE030100,관광지
대전광역시 서구 배재로197번길 200,,3,A02,A0201,A02010800,298208,12,20071128011810,http://tong.visitkorea.or.kr/cms/resource/79/3034979_image2_1.JPG,http://tong.visitkorea.or.kr/cms/resource/79/3034979_image3_1.JPG,Type3,127.3600265707,36.3226600246,6,20250619174814,3,,내원사(대전),35344,30,170,HS,HS03,HS030100,관광지
대전광역시 동구 직동 산31-1,,3,A01,A0101,A01010400,2786012,12,20211206194102,http://tong.visitkorea.or.kr/cms/resource/60/3346960_image2_1.jpg,http://tong.visitkorea.or.kr/cms/resource/60/3346960_image3_1.jpg,Type3,127.4891622601,36.4241507101,6,20250318210121,2,,노고산,,30,110,NA,NA01,NA010100,관광지
대전광역시 동구 백룡로48번길 일대,,3,A02,A0203,A02030100,2752861,12,20211005200001,http://tong.visitkorea.or.kr/cms/resource/64/3565164_image2_1.jpg,http://tong.visitkorea.or.kr/cms/resource/64/3565164_image3_1.jpg,Type1,127.4507848261,36.3336214935,6,20251113155932,2,,대동벽화마을,34645,30,110,VE,VE04,VE040200,관광지
대전광역시 유성구 동서대로735번길 24-9,,3,A02,A0201,A02010800,2766959,12,20211103002222,http://tong.visitkorea.or.kr/cms/resource/35/2767235_image2_1.jpg,http://tong.visitkorea.or.kr/cms/resource/35/2767235_image3_1.jpg,Type3,127.3453470164,36.3341528947,6,20250325181120,4,,대전 신흥사,34195,30,200,HS,HS03,HS030100,관광지
대전광역시 유성구 엑스포로 1,(도룡동),3,A02,A0202,A02020600,2782788,12,20211129223732,http://tong.visitkorea.or.kr/cms/resource/47/3371547_image2_1.jpg,http://tong.visitkorea.or.kr/cms/resource/47/3371547_image3_1.jpg,Type3,127.3820481776,36.3751571874,6,20250414173237,4,,대전 엑스포 아쿠아리움,34126,30,200,VE,VE02,VE020400,관광지
대전광역시 서구 둔산로 100,,3,A02,A0202,A02020700,2743325,12,20210910230659,http://tong.visitkorea.or.kr/cms/resource/86/3565586_image2_1.jpg,http://tong.visitkorea.or.kr/cms/resource/86/3565586_image3_1.jpg,Type1,127.3849680306,36.3504850621,6,20251117093723,3,,대전광역시청 시민잔디광장,35242,30,170,VE,VE03,VE030500,관광지
대전광역시 유성구 대덕대로 480,,3,A02,A0203,A02030400,1089992,12,20100910190714,http://tong.visitkorea.or.kr/cms/resource/29/3564729_image2_1.jpg,http://tong.visitkorea.or.kr/cms/resource/29/3564729_image3_1.jpg,Type1,127.3863644022,36.3772070293,6,20251125161823,4,,대전교통문화연수원,34126,30,200,EX,EX07,EX070200,관광지
대전광역시 유성구 대덕대로 480 (도룡동),,3,A02,A0202,A02020700,125994,12,20060616090000,http://tong.visitkorea.or.kr/cms/resource/27/3486427_image2_1.jpg,http://tong.visitkorea.or.kr/cms/resource/27/3486427_image3_1.jpg,Type3,127.3802705364,36.3759931713,6,20250417135331,4,,대전엑스포과학공원,34126,30,200,VE,VE03,VE030100,관광지
대전광역시 서구 둔산대로 169,,3,A02,A0202,A02020700,2738037,12,20210831224554,http://tong.visitkorea.or.kr/cms/resource/00/3565600_image2_1.jpg,http://tong.visitkorea.or.kr/cms/resource/00/3565600_image3_1.jpg,Type1,127.3880005938,36.3688691234,6,20251117095122,3,,대전엑스포시민광장,35204,30,170,VE,VE03,VE030500,관광지
대전광역시 동구 새둑길 143 (소제동),,3,A02,A0202,A02020700,2775503,12,20211118000719,http://tong.visitkorea.or.kr/cms/resource/71/3526671_image2_1.jpg,http://tong.visitkorea.or.kr/cms/resource/71/3526671_image3_1.jpg,Type1,127.4362194451,36.3342294989,6,20250902172126,2,,대전역 동광장,34614,30,110,VE,VE03,VE030500,관광지
대전광역시 동구 중앙로 187-1,,3,A02,A0203,A02030400,2722927,12,20210623222111,http://tong.visitkorea.or.kr/cms/resource/65/3378565_image2_1.jpg,http://tong.visitkorea.or.kr/cms/resource/65/3378565_image3_1.jpg,Type3,127.4300006577,36.3305103683,6,20251023143000,2,,대전트래블라운지,34627,30,110,VE,VE12,VE120300,관광지
대전광역시 동구,,3,A01,A0101,A01011700,126846,12,20020827090000,http://tong.visitkorea.or.kr/cms/resource/66/3303866_image2_1.jpg,http://tong.visitkorea.or.kr/cms/resource/66/3303866_image3_1.jpg,Type3,127.5101665667,36.4011148323,6,20250318205742,2,,대청호,34500,30,110,NA,NA02,NA020200,관광지
대전광역시 동구 마산동,산 45-6,3,A01,A0101,A01011700,2911885,12,20221117172152,http://tong.visitkorea.or.kr/cms/resource/72/2911872_image2_1.jpg,http://tong.visitkorea.or.kr/cms/resource/72/2911872_image3_1.jpg,Type3,127.4787615831,36.3812776529,6,20250620151052,2,,대청호 마산동 쉼터,34500,30,110,NA,NA02,NA020200,관광지
대전광역시 동구 추동,328,3,A02,A0202,A02020700,2758246,12,20211018234738,http://tong.visitkorea.or.kr/cms/resource/55/3542255_image2_1.jpg,http://tong.visitkorea.or.kr/cms/resource/55/3542255_image3_1.jpg,Type1,127.4747177362,36.3726452347,6,20251023143000,2,,대청호자연수변공원,34500,30,110,VE,VE03,VE030500,관광지
대전광역시 중구 대흥동,,3,A02,A0203,A02030600,1909639,12,20140331230913,http://tong.visitkorea.or.kr/cms/resource/50/3526650_image2_1.jpg,http://tong.visitkorea.or.kr/cms/resource/50/3526650_image3_1.jpg,Type1,127.4254345237,36.3258969262,6,20250903111023,5,,대흥동 문화예술의거리,,30,140,VE,VE04,VE040100,관광지
대전광역시 서구 남선로 8,(탄방동),3,A02,A0201,A02010700,1955818,12,20141014174908,http://tong.visitkorea.or.kr/cms/resource/24/3035024_image2_1.JPG,http://tong.visitkorea.or.kr/cms/resource/24/3035024_image3_1.JPG,Type3,127.3961838684,36.3440748834,6,20250519092918,3,,도산서원(대전),35254,30,170,HS,HS01,HS010900,관광지
대전광역시 유성구 관평동,,3,A02,A0202,A02020700,2789662,12,20211209001248,http://tong.visitkorea.or.kr/cms/resource/49/3564849_image2_1.jpg,http://tong.visitkorea.or.kr/cms/resource/49/3564849_image3_1.jpg,Type1,127.3946179292,36.4246461906,6,20251117133311,4,,동화울수변공원,34039,30,200,VE,VE03,VE030500,관광지
대전광역시 유성구 테크노중앙로 123 (용산동),,3,A02,A0203,A02030400,3454381,12,20241220105531,http://tong.visitkorea.or.kr/cms/resource/82/3453482_image2_1.jpg,http://tong.visitkorea.or.kr/cms/resource/82/3453482_image3_1.jpg,Type1,127.3985342768,36.4234825045,6,20241220105545,4,,디즈니스토어 현대프리미엄아울렛 대전점,34030,30,200,VE,VE12,VE120300,관광지
대전광역시 서구 구봉로131번길 27,,3,A02,A0202,A02020700,2758646,12,20211019020441,http://tong.visitkorea.or.kr/cms/resource/16/3542516_image2_1.jpg,http://tong.visitkorea.or.kr/cms/resource/16/3542516_image3_1.jpg,Type1,127.3375042576,36.2977374760,6,20251023143000,3,,마치광장,35382,30,170,VE,VE03,VE030500,관광지
대전광역시 동구 산내로 106,,3,A01,A0101,A01010600,2661814,12,20200702231019,http://tong.visitkorea.or.kr/cms/resource/87/3350787_image2_1.jpg,http://tong.visitkorea.or.kr/cms/resource/87/3350787_image3_1.jpg,Type3,127.4547630291,36.2022976798,6,20250318210117,2,,만인산 자연휴양림,34712,30,110,NA,NA04,NA040600,관광지
대전광역시 동구 산내로 106,(하소동),3,A01,A0101,A01010600,125429,12,20030616090000,http://tong.visitkorea.or.kr/cms/resource/01/3033301_image2_1.JPG,http://tong.visitkorea.or.kr/cms/resource/01/3033301_image3_1.JPG,Type3,127.4545991589,36.2021449168,6,20250616171531,2,,만인산푸른학습원,34712,30,110,NA,NA04,NA040600,관광지
대전광역시 중구 운남로85번길 5 (무수동),,3,A02,A0203,A02030100,803712,12,20090915233250,http://tong.visitkorea.or.kr/cms/resource/38/3542538_image2_1.jpg,http://tong.visitkorea.or.kr/cms/resource/38/3542538_image3_1.jpg,Type1,127.4069819337,36.2773188187,6,20251023143000,5,,무수천하마을,35072,30,140,EX,EX03,EX030100,관광지
대전광역시 동구 동부로73번길 44,,3,A02,A0201,A02010700,1622872,12,20120505022443,http://tong.visitkorea.or.kr/cms/resource/90/3033490_image2_1.JPG,http://tong.visitkorea.or.kr/cms/resource/90/3033490_image3_1.JPG,Type3,127.4598925974,36.3243616037,6,20250616180103,2,,문충사,34663,30,110,HS,HS01,HS010900,관광지
대전광역시 동구 우암로326번길 28,,3,A02,A0205,A02050200,1622788,12,20120505013050,http://tong.visitkorea.or.kr/cms/resource/99/3071299_image2_1.JPG,http://tong.visitkorea.or.kr/cms/resource/99/3071299_image3_1.JPG,Type3,127.4524342918,36.3478532292,6,20250620141420,2,,박팽년선생유허비,34506,30,110,HS,HS02,HS020100,관광지
대전광역시 대덕구 법동,191-4,3,A02,A0201,A02010700,1622603,12,20120504230249,http://tong.visitkorea.or.kr/cms/resource/54/3033154_image2_1.JPG,http://tong.visitkorea.or.kr/cms/resource/54/3033154_image3_1.JPG,Type3,127.4301663010,36.3676061288,6,20250620140829,1,,법동 석장승,34386,30,230,HS,HS02,HS020400,관광지
대전광역시 중구 대사동,192-7,3,A01,A0101,A01010500,127542,12,20031105090000,http://tong.visitkorea.or.kr/cms/resource/87/3062387_image2_1.JPG,http://tong.visitkorea.or.kr/cms/resource/87/3062387_image3_1.JPG,Type3,127.4222602576,36.3093154326,6,20250616172212,5,,보문산 행복 숲 둘레길,35016,30,140,NA,NA04,NA040500,관광지
대전광역시 중구 석교동,산 17-1,3,A02,A0201,A02010700,1623937,12,20120507225611,http://tong.visitkorea.or.kr/cms/resource/84/3063084_image2_1.JPG,http://tong.visitkorea.or.kr/cms/resource/84/3063084_image3_1.JPG,Type3,127.4338565068,36.3069770168,6,20250619163504,5,,보문산마애여래좌상,35064,30,140,HS,HS02,HS020300,관광지
대전광역시 중구 부사로 70,(석교동),3,A02,A0201,A02010800,316266,12,20071204001516,http://tong.visitkorea.or.kr/cms/resource/01/3071501_image2_1.JPG,http://tong.visitkorea.or.kr/cms/resource/01/3071501_image3_1.JPG,Type3,127.4336870816,36.3068270309,6,20250620145336,5,,복전암,35059,30,140,HS,HS03,HS030100,관광지
대전광역시 중구 봉소루로 29,(석교동),3,A02,A0201,A02010700,1623927,12,20120507224542,http://tong.visitkorea.or.kr/cms/resource/18/3063118_image2_1.JPG,http://tong.visitkorea.or.kr/cms/resource/18/3063118_image3_1.JPG,Type3,127.4409585926,36.3090796806,6,20250619163239,5,,봉소루,35060,30,140,HS,HS01,HS011200,관광지
대전광역시 대덕구 비래골길 47-74,(비래동),3,A02,A0201,A02010800,2673993,12,20200923230625,http://tong.visitkorea.or.kr/cms/resource/54/3344254_image2_1.jpg,http://tong.visitkorea.or.kr/cms/resource/54/3344254_image3_1.jpg,Type3,127.4508892981,36.3731086461,6,20250318205213,1,,비래사,34412,30,230,HS,HS03,HS030100,관광지
대전광역시 중구 뿌리공원로 79 뿌리공원,,3,A02,A0202,A02020700,126838,12,20031105090000,http://tong.visitkorea.or.kr/cms/resource/87/3569387_image2_1.jpg,http://tong.visitkorea.or.kr/cms/resource/87/3569387_image3_1.jpg,Type3,127.3864280203,36.2845065219,6,20251128132102,5,,뿌리공원,35085,30,140,VE,VE03,VE030100,관광지
대전광역시 유성구 대덕대로556번길 104,(도룡동),3,A02,A0201,A02010700,1623767,12,20120507201417,http://tong.visitkorea.or.kr/cms/resource/28/3032328_image2_1.JPG,http://tong.visitkorea.or.kr/cms/resource/28/3032328_image3_1.JPG,Type3,127.3805730172,36.3859309280,6,20250616182526,4,,사교루,34121,30,200,HS,HS01,HS011200,관광지
대전광역시 동구 가양동,,3,A02,A0201,A02010700,1622775,12,20120505011905,http://tong.visitkorea.or.kr/cms/resource/30/3565230_image2_1.jpg,http://tong.visitkorea.or.kr/cms/resource/30/3565230_image3_1.jpg,Type1,127.4562173419,36.3458451930,6,20251113180738,2,,삼매당,34503,30,110,HS,HS01,HS011200,관광지
대전광역시 대덕구 대청로424번길 510,,3,A01,A0101,A01010500,2689761,12,20201202003341,http://tong.visitkorea.or.kr/cms/resource/21/3542221_image2_1.jpg,http://tong.visitkorea.or.kr/cms/resource/21/3542221_image3_1.jpg,Type1,127.4661608403,36.4497501466,6,20251023143000,1,,삼정생태공원,34316,30,230,NA,NA04,NA040500,관광지
대전광역시 서구 흑석동 738,,3,A02,A0202,A02020700,2732216,12,20210809221551,http://tong.visitkorea.or.kr/cms/resource/95/3346995_image2_1.jpg,http://tong.visitkorea.or.kr/cms/resource/95/3346995_image3_1.jpg,Type3,127.3429904464,36.2767094214,6,20250318212252,3,,상보안 유원지,35427,30,170,VE,VE03,VE030500,관광지
대전광역시 동구 상소동 산 1-1,,3,A01,A0101,A01010600,1125480,12,20101109195746,http://tong.visitkorea.or.kr/cms/resource/55/3320755_image2_1.jpg,http://tong.visitkorea.or.kr/cms/resource/55/3320755_image3_1.jpg,Type3,127.4710996743,36.2313640959,6,20251117160330,2,,상소동 산림욕장,"300-240,1",30,110,NA,NA04,NA040600,관광지
대전광역시 중구 계룡로904번길 30 (문화동),,3,A02,A0202,A02020700,3080290,12,20231114135145,http://tong.visitkorea.or.kr/cms/resource/35/3063035_image2_1.JPG,http://tong.visitkorea.or.kr/cms/resource/35/3063035_image3_1.JPG,Type3,127.4119386413,36.3209750271,6,20251031091205,5,,서대전공원,34955,30,140,VE,VE03,VE030100,관광지
대전광역시 동구 소제동 일원,,3,A02,A0203,A02030400,2662682,12,20200708195746,http://tong.visitkorea.or.kr/cms/resource/62/3526662_image2_1.jpg,http://tong.visitkorea.or.kr/cms/resource/62/3526662_image3_1.jpg,Type1,127.4392858375,36.3342267754,6,20250902173112,2,,소제동,34603,30,110,EX,EX07,EX070200,관광지
대전광역시 유성구 자운로245번길 80,(추목동),3,A02,A0201,A02010900,250324,12,20071023090000,http://tong.visitkorea.or.kr/cms/resource/65/3032165_image2_1.JPG,http://tong.visitkorea.or.kr/cms/resource/65/3032165_image3_1.JPG,Type3,127.3395757650,36.4198652044,6,20250512164920,4,,수운교도솔천,34059,30,200,HS,HS03,HS030400,관광지
대전광역시 유성구 엑스포로251번길 36,(원촌동),3,A02,A0201,A02010700,1058971,12,20100713224801,http://tong.visitkorea.or.kr/cms/resource/09/3065109_image2_1.JPG,http://tong.visitkorea.or.kr/cms/resource/09/3065109_image3_1.JPG,Type3,127.4041960664,36.3799348117,6,20250708112119,4,,숭현서원지,34124,30,200,HS,HS01,HS010900,관광지
대전광역시 중구 은행동,,3,A02,A0203,A02030400,1964622,12,20141112193705,http://tong.visitkorea.or.kr/cms/resource/65/3564665_image2_1.jpg,http://tong.visitkorea.or.kr/cms/resource/65/3564665_image3_1.jpg,Type1,127.4278175564,36.3291465966,6,20251117151003,5,,스카이로드,34923,30,140,EX,EX07,EX070200,관광지
대전광역시 중구 운남로 63,(무수동),3,A02,A0201,A02010400,1623828,12,20120507205051,http://tong.visitkorea.or.kr/cms/resource/60/3063060_image2_1.JPG,http://tong.visitkorea.or.kr/cms/resource/60/3063060_image3_1.JPG,Type3,127.4047932299,36.2776965146,6,20250619162934,5,,안동권씨유회당종가일원,35072,30,140,HS,HS01,HS010400,관광지
대전광역시 대덕구 비래골길 47-73 (비래동),,3,A02,A0201,A02010700,1622660,12,20120504234600,http://tong.visitkorea.or.kr/cms/resource/39/3032939_image2_1.JPG,http://tong.visitkorea.or.kr/cms/resource/39/3032939_image3_1.JPG,Type3,127.4511642837,36.3727420263,6,20250620142212,1,,옥류각,34412,30,230,HS,HS01,HS011200,관광지
대전광역시 대덕구 계족로 750,,3,A02,A0201,A02010700,1622717,12,20120505002540,http://tong.visitkorea.or.kr/cms/resource/97/3033197_image2_1.JPG,http://tong.visitkorea.or.kr/cms/resource/97/3033197_image3_1.JPG,Type3,127.4273190487,36.3780715475,6,20250620142825,1,,옥오재,34354,30,230,HS,HS01,HS011200,관광지
대전광역시 대덕구 미호동,711,3,A01,A0101,A01010500,2610587,12,20190711234810,http://tong.visitkorea.or.kr/cms/resource/93/3032893_image2_1.JPG,http://tong.visitkorea.or.kr/cms/resource/93/3032893_image3_1.JPG,Type3,127.4669297000,36.4686007791,6,20250620144931,1,,왕버드나무군락지,34316,30,230,NA,NA04,NA040500,관광지
대전광역시 서구 가수원로 71-12,,3,A02,A0201,A02010800,1623687,12,20120507190535,http://tong.visitkorea.or.kr/cms/resource/05/3077505_image2_1.JPG,http://tong.visitkorea.or.kr/cms/resource/05/3077505_image3_1.JPG,Type3,127.3505613663,36.2998707966,6,20250620150521,3,,용화사(대전),35385,30,170,HS,HS03,HS030100,관광지
대전광역시 중구 중앙로138번길 30,(대흥동),3,A02,A0202,A02020700,2732202,12,20210809221032,,,,127.4254733664,36.3274661918,6,20250318215837,5,,우리들공원,34914,30,140,VE,VE03,VE030100,관광지
대전광역시 동구 충정로 53,,3,A02,A0201,A02010700,945477,12,20100205021536,http://tong.visitkorea.or.kr/cms/resource/75/3565175_image2_1.jpg,http://tong.visitkorea.or.kr/cms/resource/75/3565175_image3_1.jpg,Type1,127.4589725875,36.3481671989,6,20251113161044,2,,우암사적공원,34505,30,110,HS,HS01,HS011200,관광지
대전광역시 유성구 어은로 27,,3,A02,A0202,A02020700,2674960,12,20201007044300,http://tong.visitkorea.or.kr/cms/resource/57/2674957_image2_1.jpg,http://tong.visitkorea.or.kr/cms/resource/57/2674957_image3_1.jpg,Type3,127.3577063021,36.3607306283,6,20250110140151,4,,유림공원,34139,30,200,VE,VE03,VE030100,관광지
대전광역시 유성구 대덕대로 480,(도룡동),3,A02,A0202,A02020200,1958042,12,20141021185550,http://tong.visitkorea.or.kr/cms/resource/16/3032116_image2_1.JPG,http://tong.visitkorea.or.kr/cms/resource/16/3032116_image3_1.JPG,Type3,127.3878559242,36.3776292298,6,20250512165845,4,,유성 관광특구,34126,30,200,VE,VE05,VE050100,관광지
대전광역시 유성구 봉명동,,3,A02,A0202,A02020300,2605899,12,20190611231420,http://tong.visitkorea.or.kr/cms/resource/22/3350822_image2_1.jpg,http://tong.visitkorea.or.kr/cms/resource/22/3350822_image3_1.jpg,Type3,127.3454325546,36.3550449502,6,20250318214759,4,,유성 족욕체험장,34187,30,200,EX,EX05,EX050100,관광지
대전광역시 유성구 봉명동 574,일대,3,A02,A0202,A02020300,125858,12,20031205090000,http://tong.visitkorea.or.kr/cms/resource/42/3035142_image2_1.JPG,http://tong.visitkorea.or.kr/cms/resource/42/3035142_image3_1.JPG,Type3,127.3448131576,36.3553449050,6,20250512174447,4,,유성온천지구,34186,30,200,EX,EX05,EX050100,관광지
대전광역시 중구 운남로85번길 32-20,,3,A02,A0201,A02010700,1623810,12,20120507204118,http://tong.visitkorea.or.kr/cms/resource/51/3063051_image2_1.JPG,http://tong.visitkorea.or.kr/cms/resource/51/3063051_image3_1.JPG,Type3,127.4083789899,36.2788325595,6,20250616180505,5,,유회당사당,35072,30,140,HS,HS01,HS010900,관광지
대전광역시 유성구 노은동로 166 (지족동),,3,A02,A0202,A02020700,2775510,12,20211118001959,http://tong.visitkorea.or.kr/cms/resource/70/3564870_image2_1.jpg,http://tong.visitkorea.or.kr/cms/resource/70/3564870_image3_1.jpg,Type1,127.3233784299,36.3750839329,6,20251117132143,4,,은구비공원,34084,30,200,VE,VE03,VE030500,관광지
대전광역시 대덕구 대덕대로1448번길 120 (신일동),,3,A02,A0202,A02020700,2913058,12,20221121103404,http://tong.visitkorea.or.kr/cms/resource/45/2913045_image2_1.jpg,http://tong.visitkorea.or.kr/cms/resource/45/2913045_image3_1.jpg,Type3,127.4113409377,36.4427777451,6,20251030161903,1,,을미기공원,34324,30,230,VE,VE03,VE030400,관광지
대전광역시 대덕구 송촌동,488-1,3,A02,A0201,A02010700,1622695,12,20120505000754,http://tong.visitkorea.or.kr/cms/resource/75/3033275_image2_1.JPG,http://tong.visitkorea.or.kr/cms/resource/75/3033275_image3_1.JPG,Type3,127.4394906219,36.3619180566,6,20250620143511,1,,이시직공정려각,34423,30,230,HS,HS01,HS011200,관광지
대전광역시 동구 중앙로203번길 82-1 (정동),,3,A02,A0203,A02030600,1623668,12,20120507185733,http://tong.visitkorea.or.kr/cms/resource/66/3033366_image2_1.JPG,http://tong.visitkorea.or.kr/cms/resource/66/3033366_image3_1.JPG,Type3,127.4293367291,36.3341266098,6,20250718103810,2,,인쇄거리,34625,30,110,VE,VE04,VE040100,관광지
대전광역시 유성구 학하동로63번길 50-8 (학하동),,3,A02,A0201,A02010800,128878,12,20060330090000,http://tong.visitkorea.or.kr/cms/resource/29/2689629_image2_1.jpg,http://tong.visitkorea.or.kr/cms/resource/29/2689629_image3_1.jpg,Type3,127.3126776163,36.3378741127,6,20250326102444,4,,자광사(대전),34213,30,200,HS,HS03,HS030100,관광지
대전광역시 대덕구 장동 353,,3,A02,A0202,A02020700,2689820,12,20201202012556,http://tong.visitkorea.or.kr/cms/resource/99/3542199_image2_1.jpg,http://tong.visitkorea.or.kr/cms/resource/99/3542199_image3_1.jpg,Type1,127.4386448560,36.4132232824,6,20251023143000,1,,장동만남공원,,30,230,VE,VE03,VE030100,관광지
대전광역시 대덕구 산디로 79-70,,3,A01,A0101,A01010600,705678,12,20090312222920,http://tong.visitkorea.or.kr/cms/resource/44/3033644_image2_1.jpg,http://tong.visitkorea.or.kr/cms/resource/44/3033644_image3_1.jpg,Type1,127.4425308280,36.4055714493,6,20250619181104,1,,장동산림욕장,34345,30,230,NA,NA04,NA040600,관광지
대전광역시 대덕구 계족로 750,(읍내동),3,A02,A0201,A02010700,1622728,12,20120505003830,http://tong.visitkorea.or.kr/cms/resource/18/3033118_image2_1.JPG,http://tong.visitkorea.or.kr/cms/resource/18/3033118_image3_1.JPG,Type3,127.4273190487,36.3780715475,6,20250619164142,1,,제월당,34354,30,230,HS,HS01,HS011200,관광지
대전광역시 유성구 교촌로 6 (교촌동),,3,A02,A0201,A02010700,1954031,12,20141006232402,http://tong.visitkorea.or.kr/cms/resource/73/3032273_image2_1.JPG,http://tong.visitkorea.or.kr/cms/resource/73/3032273_image3_1.JPG,Type3,127.3149756527,36.3001090289,6,20250704151625,4,,진잠향교,34225,30,200,HS,HS01,HS010900,관광지
대전광역시 동구 냉천로 703,,3,A02,A0203,A02030100,128413,12,20050421090000,http://tong.visitkorea.or.kr/cms/resource/75/3542275_image2_1.jpg,http://tong.visitkorea.or.kr/cms/resource/75/3542275_image3_1.jpg,Type1,127.4796577394,36.4173818704,6,20251023143000,2,,찬샘마을,34500,30,110,EX,EX03,EX030100,관광지
대전광역시 중구 대둔산로137번길 67,(안영동),3,A02,A0201,A02010700,1623977,12,20120507230625,http://tong.visitkorea.or.kr/cms/resource/00/3059500_image2_1.JPG,http://tong.visitkorea.or.kr/cms/resource/00/3059500_image3_1.JPG,Type3,127.3723015063,36.2844479441,6,20250617092806,5,,창계숭절사,35085,30,140,HS,HS01,HS010900,관광지
대전광역시 대덕구 비래동,468-1,3,A02,A0201,A02010700,1622686,12,20120504235706,http://tong.visitkorea.or.kr/cms/resource/47/3032947_image2_1.JPG,http://tong.visitkorea.or.kr/cms/resource/47/3032947_image3_1.JPG,Type3,127.4500838223,36.3728281082,6,20250620145926,1,,초연물외암각,34412,30,230,HS,HS02,HS020400,관광지
대전광역시 동구 추동,331,3,A01,A0101,A01010500,1125505,12,20101109200705,http://tong.visitkorea.or.kr/cms/resource/81/3542481_image2_1.jpg,http://tong.visitkorea.or.kr/cms/resource/81/3542481_image3_1.jpg,Type1,127.4691182418,36.3724451577,6,20251023143000,2,,추동인공생태습지,34500,30,110,NA,NA03,NA030400,관광지
대전광역시 대덕구 대청로526번길 45-24,,3,A02,A0201,A02010700,1622562,12,20120504222140,http://tong.visitkorea.or.kr/cms/resource/83/3033183_image2_1.JPG,http://tong.visitkorea.or.kr/cms/resource/83/3033183_image3_1.JPG,Type3,127.4714265378,36.4679370467,6,20250619175650,1,,취백정,34316,30,230,HS,HS01,HS011200,관광지
대전광역시 중구 보문로199번길 37-36 (대흥동),,3,A02,A0202,A02020700,2758655,12,20211019020536,http://tong.visitkorea.or.kr/cms/resource/65/3526665_image2_1.jpg,http://tong.visitkorea.or.kr/cms/resource/65/3526665_image3_1.jpg,Type1,117.9925662504,19.6944274800,6,20250903165828,5,,테미공원,34951,30,140,VE,VE03,VE030100,관광지
대전광역시 서구 둔산대로 201,(만년동),3,A02,A0203,A02030400,1623708,12,20120507192435,http://tong.visitkorea.or.kr/cms/resource/09/3344609_image2_1.jpg,http://tong.visitkorea.or.kr/cms/resource/09/3344609_image3_1.jpg,Type3,127.3918669952,36.3659028647,6,20250318212514,3,,평송청소년문화센터,35204,30,170,VE,VE12,VE120300,관광지
대전광역시 대덕구 대전로1397번안길 126,(읍내동),3,A02,A0201,A02010700,1954045,12,20141006234032,http://tong.visitkorea.or.kr/cms/resource/23/3033223_image2_1.JPG,http://tong.visitkorea.or.kr/cms/resource/23/3033223_image3_1.JPG,Type3,127.4215110682,36.3842012982,6,20250619180417,1,,회덕향교,34352,30,230,HS,HS01,HS010900,관광지
대전광역시 서구 흑석동,,3,A02,A0202,A02020700,2758588,12,20211019015132,http://tong.visitkorea.or.kr/cms/resource/86/3542486_image2_1.jpg,http://tong.visitkorea.or.kr/cms/resource/86/3542486_image3_1.jpg,Type1,127.3376163705,36.2602445420,6,20251023143000,3,,흑석유원지,35427,30,170,VE,VE03,VE030500,관광지
대전광역시 대덕구 대전로 1348 (읍내동),,3,A02,A0206,A02060600,1747497,14,20121103014945,http://tong.visitkorea.or.kr/cms/resource/32/3033032_image2_1.JPG,http://tong.visitkorea.or.kr/cms/resource/32/3033032_image3_1.JPG,Type3,127.4206947483,36.3741302138,6,20250806092933,1,,대덕문예회관,34360,30,230,VE,VE06,VE060100,문화시설
대전광역시 대덕구 대전로 1348,(읍내동),3,A02,A0206,A02060700,130201,14,20071106104644,http://tong.visitkorea.or.kr/cms/resource/03/1944903_image2_1.jpg,http://tong.visitkorea.or.kr/cms/resource/03/1944903_image3_1.jpg,Type3,127.4206308660,36.3741052155,6,20250325162708,1,,대덕문화원,34360,30,230,VE,VE09,VE090100,문화시설
대전광역시 서구 가수원로 91-11 (가수원동),,3,A02,A0206,A02060900,130802,14,20060418090000,http://tong.visitkorea.or.kr/cms/resource/58/3033558_image2_1.JPG,http://tong.visitkorea.or.kr/cms/resource/58/3033558_image3_1.JPG,Type3,127.3489475718,36.3017122245,6,20250806104630,3,,대전 가수원도서관,35385,30,170,VE,VE09,VE090300,문화시설
대전광역시 중구 대흥로 109 (대흥동),,3,A02,A0206,A02060700,129973,14,20071106103726,http://tong.visitkorea.or.kr/cms/resource/04/3063104_image2_1.JPG,http://tong.visitkorea.or.kr/cms/resource/04/3063104_image3_1.JPG,Type3,127.4242708114,36.3232360987,6,20250805160018,5,,대전 중구문화원,34917,30,140,VE,VE09,VE090100,문화시설
대전광역시 동구 대학로 62 (용운동),,3,A02,A0206,A02060200,3008952,14,20230908110157,http://tong.visitkorea.or.kr/cms/resource/47/3008947_image2_1.JPG,http://tong.visitkorea.or.kr/cms/resource/47/3008947_image3_1.JPG,Type3,127.4583035528,36.3353019905,6,20251030165354,2,,대전대학교30주년기념관,34520,30,110,VE,VE07,VE070200,문화시설
대전광역시 동구 대학로 62 대전대학교,,3,A02,A0206,A02060100,129836,14,20071106103234,http://tong.visitkorea.or.kr/cms/resource/12/3033412_image2_1.JPG,http://tong.visitkorea.or.kr/cms/resource/12/3033412_image3_1.JPG,Type3,127.4583035528,36.3353019905,6,20250721181559,2,,대전대학교박물관,34520,30,110,VE,VE07,VE070100,문화시설
대전광역시 서구 계룡로553번길 38,,3,A02,A0206,A02060700,130197,14,20071106104636,http://tong.visitkorea.or.kr/cms/resource/43/3585043_image2_1.jpg,http://tong.visitkorea.or.kr/cms/resource/43/3585043_image3_1.jpg,Type1,127.3855570260,36.3446135222,6,20251217095952,3,,대전서구문화원,35262,30,170,VE,VE09,VE090100,문화시설
대전광역시 유성구 노은동로 126,(노은동),3,A02,A0206,A02060100,1066804,14,20100802192129,http://tong.visitkorea.or.kr/cms/resource/06/3032106_image2_1.JPG,http://tong.visitkorea.or.kr/cms/resource/06/3032106_image3_1.JPG,Type3,127.3238951378,36.3718398688,6,20250714113701,4,,대전선사박물관,34084,30,200,VE,VE07,VE070100,문화시설
대전광역시 유성구 도안대로 398 (상대동),,3,A02,A0206,A02060100,1907589,14,20140325015859,http://tong.visitkorea.or.kr/cms/resource/39/3031739_image2_1.JPG,http://tong.visitkorea.or.kr/cms/resource/39/3031739_image3_1.JPG,Type3,127.3353561691,36.3369051804,6,20250718090000,4,,대전시립박물관,34194,30,200,VE,VE07,VE070100,문화시설
대전광역시 유성구 월드컵대로 32 대전월드컵경기장,,3,A02,A0206,A02060600,1125312,14,20101109181322,http://tong.visitkorea.or.kr/cms/resource/66/3031966_image2_1.JPG,http://tong.visitkorea.or.kr/cms/resource/66/3031966_image3_1.JPG,Type3,127.3266089995,36.3638797168,6,20251215102315,4,,대전어린이회관,34148,30,200,VE,VE06,VE060100,문화시설
대전광역시 동구 철갑2길 2 (소제동),,3,A02,A0206,A02060300,2605913,14,20190611235022,http://tong.visitkorea.or.kr/cms/resource/83/3071283_image2_1.JPG,http://tong.visitkorea.or.kr/cms/resource/83/3071283_image3_1.JPG,Type3,127.4374054282,36.3350238727,6,20251117145434,2,,대전전통나래관,34615,30,110,VE,VE07,VE070300,문화시설
대전광역시 동구 천개동로 41,(추동),3,A02,A0206,A02060300,736422,14,20090520013926,http://tong.visitkorea.or.kr/cms/resource/01/2605601_image2_1.jpg,http://tong.visitkorea.or.kr/cms/resource/01/2605601_image3_1.jpg,Type3,127.4708375091,36.3733117559,6,20251128145628,2,,대청호자연생태관,34500,30,110,VE,VE07,VE070300,문화시설
대전광역시 대덕구 대덕대로 1579 (석봉동),,3,A02,A0206,A02060900,3443300,14,20241212144122,,,,127.4232257656,36.4508159254,6,20250725105135,1,,석봉도서관,34304,30,230,VE,VE09,VE090300,문화시설
대전광역시 유성구 엑스포로 624,(탑립동),3,A02,A0206,A02060500,1066785,14,20100802190845,http://tong.visitkorea.or.kr/cms/resource/83/3032083_image2_1.JPG,http://tong.visitkorea.or.kr/cms/resource/83/3032083_image3_1.JPG,Type3,127.4061089452,36.4107618735,6,20250512173430,4,,여진불교미술관,34041,30,200,VE,VE07,VE070600,문화시설
대전광역시 유성구 대학로 99 (궁동),,3,A02,A0206,A02060600,1167117,14,20110111200609,http://tong.visitkorea.or.kr/cms/resource/13/3031813_image2_1.JPG,http://tong.visitkorea.or.kr/cms/resource/13/3031813_image3_1.JPG,Type3,127.3448407368,36.3625690784,6,20250718090000,4,,충남대학교 정심화국제문화회관,34134,30,200,VE,VE06,VE060100,문화시설
대전광역시 유성구 대학로 291,,3,A02,A0206,A02060600,130069,14,20071106104050,http://tong.visitkorea.or.kr/cms/resource/46/3079346_image2_1.JPG,http://tong.visitkorea.or.kr/cms/resource/46/3079346_image3_1.JPG,Type3,127.3608473894,36.3717460903,6,20250806104013,4,,카이스트 강당·노천극장,34141,30,200,VE,VE06,VE060100,문화시설
대전광역시 대덕구 한남로 70,,3,A02,A0206,A02060600,129723,14,20071106102701,http://tong.visitkorea.or.kr/cms/resource/20/3565120_image2_1.jpg,http://tong.visitkorea.or.kr/cms/resource/20/3565120_image3_1.jpg,Type1,127.4217979720,36.3541130790,6,20251113151331,1,,한남대학교 성지관,34430,30,230,VE,VE06,VE060100,문화시설
대전광역시 동구 우암로 96 (삼성동),,3,A02,A0206,A02060100,130420,14,20071106105635,http://tong.visitkorea.or.kr/cms/resource/76/3560876_image2_1.jpg,http://tong.visitkorea.or.kr/cms/resource/76/3560876_image3_1.jpg,Type3,127.4290949864,36.3377317492,6,20251104151553,2,,한밭교육박물관,34623,30,110,VE,VE07,VE070100,문화시설
대전광역시 유성구 과학로 80-67,(가정동),3,A02,A0206,A02060100,129789,14,20071106103018,http://tong.visitkorea.or.kr/cms/resource/53/3459553_image2_1.jpg,http://tong.visitkorea.or.kr/cms/resource/53/3459553_image3_1.jpg,Type1,127.3705574757,36.3774844946,6,20250415091813,4,,화폐박물관,34132,30,200,VE,VE07,VE070100,문화시설
대전광역시 유성구 어은로 27 (봉명동),유림공원 등,3,A02,A0207,A02070200,2561795,15,20181002024439,http://tong.visitkorea.or.kr/cms/resource/05/3546705_image2_1.jpg,http://tong.visitkorea.or.kr/cms/resource/05/3546705_image3_1.jpg,Type3,127.3577063021,36.3607306283,6,20251023143000,4,042-611-2678,유성국화축제,34139,30,200,EV,EV01,EV010500,축제행사
대전광역시 유성구 어은로 27 (봉명동),,3,A02,A0207,A02070200,3544873,15,20250926154158,http://tong.visitkorea.or.kr/cms/resource/72/3544872_image2_1.png,http://tong.visitkorea.or.kr/cms/resource/72/3544872_image3_1.png,Type3,127.3577063021,36.3607306283,6,20251023143000,4,042-611-6629,유성독서대전,34139,30,200,EV,EV01,EV010600,축제행사
대전광역시 유성구 어은로 27 (봉명동),,3,A02,A0208,A02081300,2915307,15,20221122165827,http://tong.visitkorea.or.kr/cms/resource/43/3574143_image2_1.jpg,http://tong.visitkorea.or.kr/cms/resource/43/3574143_image3_1.jpg,Type3,127.3577063021,36.3607306283,6,20251126095212,4,042-611-2080,2025 유성온천 크리스마스 축제,34139,30,200,EV,EV03,EV030400,축제행사
대전광역시 유성구 가정로 201 (가정동),,3,A02,A0208,A02081300,3551562,15,20251020162011,http://tong.visitkorea.or.kr/cms/resource/28/3551428_image2_1.jpg,http://tong.visitkorea.or.kr/cms/resource/28/3551428_image3_1.jpg,Type3,127.3656327264,36.3844891614,6,20251023143000,4,042-869-6114,2025년 제20회 인문주간,34113,30,200,EV,EV03,EV030400,축제행사
대전광역시 유성구 대덕대로 480 (도룡동),,3,A02,A0208,A02081200,3420072,15,20241118175743,http://tong.visitkorea.or.kr/cms/resource/57/3572757_image2_1.png,http://tong.visitkorea.or.kr/cms/resource/57/3572757_image3_1.png,Type3,127.3797705782,36.3761070383,6,20251124160817,4,042-580-1827,2026 선양 맨몸마라톤,34126,30,200,EV,EV03,EV030300,축제행사
대전광역시 유성구 수통골로 47-3,,3,A03,A0302,A03022700,2407314,28,20160902000003,http://tong.visitkorea.or.kr/cms/resource/50/2661850_image2_1.jpg,http://tong.visitkorea.or.kr/cms/resource/50/2661850_image2_1.jpg,Type3,127.2885962357,36.3453478312,6,20250801135712,4,,계룡산 수통골,34154,30,200,LS,LS01,LS011900,레포츠
대전광역시 중구 대종로 373,(부사동),3,A03,A0302,A03020300,2766990,28,20211103003201,http://tong.visitkorea.or.kr/cms/resource/86/2767186_image2_1.jpg,http://tong.visitkorea.or.kr/cms/resource/86/2767186_image3_1.jpg,Type3,127.4315370174,36.3162759121,6,20250313221337,5,,대전 한화생명 볼파크,35021,30,140,VE,VE10,VE100100,레포츠
대전광역시 대덕구 대화로 10,(대화동),3,A03,A0302,A03020200,131149,28,20020809090000,,,,127.4189978360,36.3683308474,6,20251029155846,1,,대전근로자종합복지회관,34364,30,230,VE,VE10,VE100200,레포츠
대전광역시 중구 사정공원로 70 (사정동),오월드 내 플라워랜드,3,A03,A0305,A03050100,3336500,28,20240723151131,http://tong.visitkorea.or.kr/cms/resource/97/3336497_image2_1.png,http://tong.visitkorea.or.kr/cms/resource/97/3336497_image3_1.png,Type3,127.3951104345,36.2897866276,6,20250318215542,5,,레이저태그스포츠 오월드점,35073,30,140,LS,LS04,LS040100,레포츠
대전광역시 대덕구 산디로 190 (장동),,3,A03,A0302,A03021700,2727459,28,20210727193640,http://tong.visitkorea.or.kr/cms/resource/81/2727681_image2_1.jpg,http://tong.visitkorea.or.kr/cms/resource/81/2727681_image2_1.jpg,Type3,127.4385508617,36.3970168015,6,20250711173603,1,,산디마을생태공원캠핑장,34345,30,230,AC,AC05,AC050100,레포츠
대전광역시 동구 산내로 748 (상소동),,3,A03,A0302,A03021700,2727458,28,20210727193446,http://tong.visitkorea.or.kr/cms/resource/31/2727631_image2_1.jpg,http://tong.visitkorea.or.kr/cms/resource/31/2727631_image2_1.jpg,Type3,127.4686330410,36.2382521541,6,20250711170141,2,,상소오토캠핑장,34712,30,110,AC,AC05,AC050200,레포츠
대전광역시 동구 산내로 710 (상소동),,3,A03,A0302,A03021700,2730065,28,20210803225038,http://tong.visitkorea.or.kr/cms/resource/05/2730405_image2_1.jpg,http://tong.visitkorea.or.kr/cms/resource/05/2730405_image3_1.jpg,Type3,127.4662499744,36.2362634501,6,20251030154521,2,,캠프향기,34712,30,110,AC,AC05,AC050100,레포츠
대전광역시 유성구 하기로143번길 290 (하기동),,3,A03,A0302,A03021700,2792581,28,20211213184319,http://tong.visitkorea.or.kr/cms/resource/45/2794145_image2_1.jpg,http://tong.visitkorea.or.kr/cms/resource/45/2794145_image2_1.jpg,Type3,127.3324493873,36.3917849595,6,20251031092035,4,,하기숲캠핑장,34060,30,200,AC,AC05,AC050100,레포츠
대전광역시 중구 대종로 373,,3,A03,A0302,A03020300,1353752,28,20110808191320,http://tong.visitkorea.or.kr/cms/resource/70/3568570_image2_1.jpg,http://tong.visitkorea.or.kr/cms/resource/70/3568570_image3_1.jpg,Type3,127.4315370174,36.3162759121,6,20251118143800,5,,한밭종합운동장,35021,30,140,VE,VE10,VE100100,레포츠
대전광역시 유성구 대덕대로 588,2층,3,A05,A0502,A05020700,250577,39,20071023090000,http://tong.visitkorea.or.kr/cms/resource/78/3032478_image2_1.JPG,http://tong.visitkorea.or.kr/cms/resource/78/3032478_image3_1.JPG,Type3,127.3788898499,36.3853504089,6,20250718091030,4,,가남지,34121,30,200,FD,FD02,FD020400,음식점
대전광역시 유성구 반석로 136-6 (반석동),,3,A05,A0502,A05020200,2866692,39,20221013135953,http://tong.visitkorea.or.kr/cms/resource/83/2866683_image2_1.jpg,http://tong.visitkorea.or.kr/cms/resource/83/2866683_image3_1.jpg,Type3,127.2997523680,36.3898123840,6,20250827133625,4,,가데나 레스토랑,34065,30,200,FD,FD02,FD020300,음식점
대전광역시 서구 월평동로 5-11 (갈마동),,3,A05,A0502,A05020400,2899643,39,20221107113214,http://tong.visitkorea.or.kr/cms/resource/38/2899638_image2_1.jpg,http://tong.visitkorea.or.kr/cms/resource/38/2899638_image3_1.jpg,Type3,127.3683916032,36.3553592101,6,20250911093021,3,,갈마짬뽕,35224,30,170,FD,FD02,FD020100,음식점
대전광역시 대덕구 대청호수로 1553,(갈전동),3,A05,A0502,A05020100,2580078,39,20181219024344,http://tong.visitkorea.or.kr/cms/resource/07/3026807_image2_1.JPG,http://tong.visitkorea.or.kr/cms/resource/07/3026807_image3_1.JPG,Type3,127.4653476261,36.4277332081,6,20250717112846,1,,갈밭식당,34316,30,230,FD,FD01,FD010100,음식점
대전광역시 동구 대전로779번길 41-1 (원동),,3,A05,A0502,A05020100,2580239,39,20181219193819,http://tong.visitkorea.or.kr/cms/resource/31/3034831_image2_1.JPG,http://tong.visitkorea.or.kr/cms/resource/31/3034831_image3_1.JPG,Type3,127.4315394615,36.3285633966,6,20250718111325,2,,개천식당,34628,30,110,FD,FD01,FD010100,음식점
대전광역시 동구 계족로 369,(성남동),3,A05,A0502,A05020100,2580294,39,20181219202600,,,,127.4331638761,36.3447671280,6,20250731144900,2,,경동오징어국수,34580,30,110,FD,FD01,FD010100,음식점
대전광역시 서구 구봉산북로21번길 11 (관저동),,3,A05,A0502,A05020900,2899637,39,20221107112533,http://tong.visitkorea.or.kr/cms/resource/36/2899636_image2_1.jpg,http://tong.visitkorea.or.kr/cms/resource/36/2899636_image3_1.jpg,Type3,127.3235750115,36.2953708335,6,20250911092732,3,,관저당,35370,30,170,FD,FD05,FD050100,음식점
대전광역시 중구 대종로505번길 29,,3,A05,A0502,A05020100,1807489,39,20130425224349,http://tong.visitkorea.or.kr/cms/resource/38/3578438_image2_1.jpg,http://tong.visitkorea.or.kr/cms/resource/38/3578438_image3_1.jpg,Type3,127.4235762841,36.3285799202,6,20251204131313,5,,광천식당,34838,30,140,FD,FD01,FD010100,음식점
대전광역시 대덕구 비래서로81번길 2 (비래동),,3,A05,A0502,A05020100,2582070,39,20181224193008,http://tong.visitkorea.or.kr/cms/resource/89/3026789_image2_1.JPG,http://tong.visitkorea.or.kr/cms/resource/89/3026789_image3_1.JPG,Type3,127.4536478883,36.3546219210,6,20250721104703,1,,구구전복삼계탕,34418,30,230,FD,FD01,FD010100,음식점
대전광역시 유성구 대덕대로 1091-25 (송강동),,3,A05,A0502,A05020100,2788884,39,20211208183807,http://tong.visitkorea.or.kr/cms/resource/48/2795748_image2_1.jpg,http://tong.visitkorea.or.kr/cms/resource/48/2795748_image2_1.jpg,Type3,127.3826412127,36.4250431545,6,20250915173731,4,,구즉묵집,34005,30,200,FD,FD01,FD010100,음식점
대전광역시 서구 만년로68번길 21,,3,A05,A0502,A05020100,133881,39,20060629090000,http://tong.visitkorea.or.kr/cms/resource/72/3060272_image2_1.JPG,http://tong.visitkorea.or.kr/cms/resource/72/3060272_image3_1.JPG,Type3,127.3805013325,36.3663498341,6,20250721165232,3,,귀빈돌솥밥,35203,30,170,FD,FD01,FD010100,음식점
대전광역시 유성구 지족동로 146 (지족동),,3,A05,A0502,A05020900,2899345,39,20221107094945,http://tong.visitkorea.or.kr/cms/resource/41/2899341_image2_1.jpg,http://tong.visitkorea.or.kr/cms/resource/41/2899341_image3_1.jpg,Type3,127.3087655308,36.3868073321,6,20250910174745,4,,꾸드뱅,34073,30,200,FD,FD03,FD030100,음식점
대전광역시 유성구 관평1로 52 (관평동),,3,A05,A0502,A05020300,2866716,39,20221013140541,http://tong.visitkorea.or.kr/cms/resource/05/2866705_image2_1.jpg,http://tong.visitkorea.or.kr/cms/resource/05/2866705_image3_1.jpg,Type3,127.3904294300,36.4240850691,6,20250827134059,4,,나마미 돈카츠,34019,30,200,FD,FD02,FD020200,음식점
대전광역시 서구 둔산로 68 (둔산동),두드림 사옥 1층,3,A05,A0502,A05020900,3452550,39,20241219142551,http://tong.visitkorea.or.kr/cms/resource/59/3453059_image2_1.jpg,http://tong.visitkorea.or.kr/cms/resource/59/3453059_image3_1.jpg,Type1,127.3813461156,36.3510960393,6,20250721102125,3,,노크노크,35234,30,170,FD,FD05,FD050100,음식점
대전광역시 중구 충무로 138,(부사동),3,A05,A0502,A05020100,2738009,39,20210831213744,http://tong.visitkorea.or.kr/cms/resource/57/3578457_image2_1.jpg,http://tong.visitkorea.or.kr/cms/resource/57/3578457_image3_1.jpg,Type3,127.4318730203,36.3191589221,6,20251204133724,5,,농민순대,35027,30,140,FD,FD01,FD010100,음식점
대전광역시 유성구 계백로421번길 29 (방동),,3,A05,A0502,A05020100,2580593,39,20181220020044,http://tong.visitkorea.or.kr/cms/resource/92/3062692_image2_1.JPG,http://tong.visitkorea.or.kr/cms/resource/92/3062692_image3_1.JPG,Type3,127.2894342437,36.2722089897,6,20250722102534,4,,다솜차반,34204,30,200,FD,FD01,FD010100,음식점
대전광역시 유성구 죽동로242번길 59 (죽동),,3,A05,A0502,A05020200,2866740,39,20221013141025,http://tong.visitkorea.or.kr/cms/resource/29/2866729_image2_1.jpg,http://tong.visitkorea.or.kr/cms/resource/29/2866729_image3_1.jpg,Type3,127.3378326567,36.3763673757,6,20250827134414,4,,다온by모루,34127,30,200,FD,FD02,FD020300,음식점
대전광역시 서구 도산로 141,,3,A05,A0502,A05020100,2899585,39,20221107104725,http://tong.visitkorea.or.kr/cms/resource/69/2899569_image2_1.jpg,http://tong.visitkorea.or.kr/cms/resource/69/2899569_image3_1.jpg,Type3,127.3775167143,36.3211271767,6,20250721133723,3,,대성콩국수,35333,30,170,FD,FD01,FD010100,음식점
대전광역시 유성구 한밭대로492번길 20 (봉명동),1~2층,3,A05,A0502,A05020100,2735335,39,20210819234451,http://tong.visitkorea.or.kr/cms/resource/31/3503931_image2_1.jpg,http://tong.visitkorea.or.kr/cms/resource/31/3503931_image3_1.jpg,Type3,127.3526206942,36.3589557414,6,20250709141816,4,,대손관 본점,34184,30,200,FD,FD01,FD010100,음식점
대전광역시 중구 중앙로156번길 28 (은행동),,3,A05,A0502,A05020300,3447047,39,20241217105340,http://tong.visitkorea.or.kr/cms/resource/78/3446878_image2_1.jpg,http://tong.visitkorea.or.kr/cms/resource/78/3446878_image3_1.jpg,Type1,127.4274426245,36.3278467390,6,20250730162944,5,,대전 별리달리돈까스,34921,30,140,FD,FD02,FD020200,음식점
대전광역시 중구 대전천서로 419-8 (대흥동),,3,A05,A0502,A05020100,2580632,39,20181220022739,http://tong.visitkorea.or.kr/cms/resource/23/3059623_image2_1.JPG,http://tong.visitkorea.or.kr/cms/resource/23/3059623_image3_1.JPG,Type3,127.4308229110,36.3266497139,6,20250718111938,5,,대전갈비집,34926,30,140,FD,FD01,FD010100,음식점
대전광역시 동구 옥천로176번길 8,,3,A05,A0502,A05020100,2866294,39,20221012140821,http://tong.visitkorea.or.kr/cms/resource/84/2866284_image2_1.jpg,http://tong.visitkorea.or.kr/cms/resource/84/2866284_image3_1.jpg,Type3,127.4594456240,36.3166680302,6,20250910160409,2,,대전밀면,34676,30,110,FD,FD01,FD010100,음식점
대전광역시 대덕구 송촌남로 21-1,,3,A05,A0502,A05020100,858920,39,20091104073444,,,,127.4413851165,36.3538440138,6,20250318205224,1,,대청마루 옥순네 추어칼국수,34424,30,230,FD,FD01,FD010100,음식점
대전광역시 유성구 금남구즉로 1421 (봉산동),,3,A05,A0502,A05020100,2899332,39,20221107094429,http://tong.visitkorea.or.kr/cms/resource/29/2899329_image2_1.jpg,http://tong.visitkorea.or.kr/cms/resource/29/2899329_image3_1.jpg,Type3,127.3852238385,36.4425273090,6,20250910174428,4,,대청장어가 본점,34003,30,200,FD,FD01,FD010100,음식점
대전광역시 유성구 엑스포로 131 (도룡동),,3,A05,A0502,A05020200,2766971,39,20211103002450,http://tong.visitkorea.or.kr/cms/resource/14/2767214_image2_1.jpg,http://tong.visitkorea.or.kr/cms/resource/14/2767214_image2_1.jpg,Type3,127.3941304244,36.3753490469,6,20250915173450,4,,더 빛나,34125,30,200,FD,FD02,FD020300,음식점
대전광역시 유성구 동서대로 181 (덕명동),,3,A05,A0502,A05020100,2766484,39,20211102195957,http://tong.visitkorea.or.kr/cms/resource/38/2766738_image2_1.jpg,http://tong.visitkorea.or.kr/cms/resource/38/2766738_image3_1.jpg,Type3,127.2959650029,36.3460312174,6,20250915171612,4,,더함뜰,34159,30,200,FD,FD01,FD010100,음식점
대전광역시 서구 원도안로207번길 16-61 (도안동),,3,A05,A0502,A05020900,2865847,39,20221012110526,http://tong.visitkorea.or.kr/cms/resource/36/2865836_image2_1.jpg,http://tong.visitkorea.or.kr/cms/resource/36/2865836_image3_1.jpg,Type3,127.3447112083,36.3250844759,6,20250910124745,3,,델빠네,35352,30,170,FD,FD05,FD050100,음식점
대전광역시 유성구 문화원로14번길 36 (장대동),,3,A05,A0502,A05020100,2866787,39,20221013142214,http://tong.visitkorea.or.kr/cms/resource/68/2866768_image2_1.jpg,http://tong.visitkorea.or.kr/cms/resource/68/2866768_image3_1.jpg,Type3,127.3380053106,36.3598748214,6,20250827134826,4,,도레미아구찜,34171,30,200,FD,FD01,FD010100,음식점
대전광역시 동구 옥천로 136-11,(판암동),3,A05,A0502,A05020100,2580679,39,20181220025451,,,,127.4555293166,36.3163180010,6,20250325173754,2,,동서장어,34673,30,110,FD,FD01,FD010100,음식점
대전광역시 중구 충무로 125 (대사동),,3,A05,A0502,A05020100,2867133,39,20221013172025,http://tong.visitkorea.or.kr/cms/resource/29/2867129_image2_1.jpg,http://tong.visitkorea.or.kr/cms/resource/29/2867129_image3_1.jpg,Type3,127.4305231400,36.3191811183,6,20250827144357,5,,동소예,34935,30,140,FD,FD01,FD010100,음식점
대전광역시 유성구 노은동로75번길 12,(노은동),3,A05,A0502,A05020100,2580741,39,20181220190713,http://tong.visitkorea.or.kr/cms/resource/17/3563117_image2_1.jpg,http://tong.visitkorea.or.kr/cms/resource/17/3563117_image3_1.jpg,Type3,127.3228842373,36.3674098021,6,20251107110507,4,,동신수산(대전),34091,30,200,FD,FD01,FD010100,음식점
대전광역시 유성구 현충원로347번길 37-10 (구암동),,3,A05,A0502,A05020100,2866812,39,20221013142929,http://tong.visitkorea.or.kr/cms/resource/93/2866793_image2_1.jpg,http://tong.visitkorea.or.kr/cms/resource/93/2866793_image3_1.jpg,Type3,127.3080746474,36.3601798122,6,20250827135213,4,,둥지톳밥,34144,30,200,FD,FD01,FD010100,음식점
대전광역시 유성구 엑스포로539번길 270 (탑립동),,3,A05,A0502,A05020100,2899325,39,20221107093923,http://tong.visitkorea.or.kr/cms/resource/20/2899320_image2_1.jpg,http://tong.visitkorea.or.kr/cms/resource/20/2899320_image3_1.jpg,Type3,127.3944988712,36.4108394356,6,20250910174138,4,,떡갈나무집,34040,30,200,FD,FD01,FD010100,음식점
대전광역시 유성구 계룡로141번길 1,,3,A05,A0502,A05020100,1939311,39,20140806011915,http://tong.visitkorea.or.kr/cms/resource/09/3032409_image2_1.JPG,http://tong.visitkorea.or.kr/cms/resource/09/3032409_image3_1.JPG,Type3,127.3459825665,36.3527841073,6,20250718090000,4,,띠울 석갈비,34187,30,200,FD,FD01,FD010100,음식점
대전광역시 동구 회남로275번길 161 (신하동),,3,A05,A0502,A05020200,2866307,39,20221012141527,http://tong.visitkorea.or.kr/cms/resource/04/2866304_image2_1.jpg,http://tong.visitkorea.or.kr/cms/resource/04/2866304_image3_1.jpg,Type3,127.5035928610,36.3752648944,6,20250910160721,2,,라끄블루,34501,30,110,FD,FD02,FD020300,음식점
대전광역시 유성구 원신흥남로41번길 66 (원신흥동),1층,3,A05,A0502,A05020900,2735322,39,20210819232854,http://tong.visitkorea.or.kr/cms/resource/15/2735315_image2_1.jpg,http://tong.visitkorea.or.kr/cms/resource/15/2735315_image3_1.jpg,Type3,127.3365949973,36.3350609693,6,20250709134919,4,,라빈고양이카페,34194,30,200,FD,FD05,FD050100,음식점
대전광역시 대덕구 대덕대로1585번길 16 (석봉동),,3,A05,A0502,A05020900,3446097,39,20241216144606,http://tong.visitkorea.or.kr/cms/resource/42/3446042_image2_1.jpg,http://tong.visitkorea.or.kr/cms/resource/42/3446042_image3_1.jpg,Type1,127.4242117560,36.4519991403,6,20250730104823,1,,라운지티 대전,34305,30,230,FD,FD05,FD050100,음식점
대전광역시 유성구 관용로31번길 33 (관평동),,3,A05,A0502,A05020900,2866829,39,20221013143615,http://tong.visitkorea.or.kr/cms/resource/21/2866821_image2_1.jpg,http://tong.visitkorea.or.kr/cms/resource/21/2866821_image3_1.jpg,Type3,127.3815887427,36.4171940344,6,20250827140120,4,,렌토,34039,30,200,FD,FD05,FD050100,음식점
대전광역시 유성구 은구비로155번안길 28 (죽동),,3,A05,A0502,A05020200,2866846,39,20221013144142,http://tong.visitkorea.or.kr/cms/resource/33/2866833_image2_1.jpg,http://tong.visitkorea.or.kr/cms/resource/33/2866833_image3_1.jpg,Type3,127.3261641667,36.3797028983,6,20250827141320,4,,르몽탁,34097,30,200,FD,FD02,FD020300,음식점
대전광역시 유성구 은구비로155번길 34 (죽동),,3,A05,A0502,A05020400,2738667,39,20210901190659,http://tong.visitkorea.or.kr/cms/resource/27/2740727_image2_1.jpg,http://tong.visitkorea.or.kr/cms/resource/27/2740727_image3_1.jpg,Type3,127.3248059463,36.3799889522,6,20250801091543,4,,리엔차이,34097,30,200,FD,FD02,FD020100,음식점
대전광역시 유성구 대학로155번길 38,,3,A05,A0502,A05020100,2656222,39,20200514200956,http://tong.visitkorea.or.kr/cms/resource/51/2926651_image2_1.jpg,http://tong.visitkorea.or.kr/cms/resource/51/2926651_image3_1.jpg,Type3,127.3507652093,36.3624803048,6,20250718113240,4,,맛존매콤닭불고기,34138,30,200,FD,FD01,FD010100,음식점
대전광역시 대덕구 계족로664번길 113 (법동),,3,A05,A0502,A05020100,2866245,39,20221012135503,http://tong.visitkorea.or.kr/cms/resource/38/2866238_image2_1.jpg,http://tong.visitkorea.or.kr/cms/resource/38/2866238_image3_1.jpg,Type3,127.4352268877,36.3702531383,6,20250910132820,1,,매봉식당 계족산본점,34397,30,230,FD,FD01,FD010100,음식점
대전광역시 유성구 지족북로 74 (지족동),,3,A05,A0502,A05020400,2866916,39,20221013150044,http://tong.visitkorea.or.kr/cms/resource/06/2866906_image2_1.jpg,http://tong.visitkorea.or.kr/cms/resource/06/2866906_image3_1.jpg,Type3,127.3070156166,36.3894347781,6,20250827141839,4,,메이웨이 차이나,34070,30,200,FD,FD02,FD020100,음식점
대전광역시 동구 태전로 56-20,,3,A05,A0502,A05020100,2580884,39,20181220222251,http://tong.visitkorea.or.kr/cms/resource/80/3034880_image2_1.JPG,http://tong.visitkorea.or.kr/cms/resource/80/3034880_image3_1.JPG,Type3,127.4288534020,36.3355097762,6,20250721101942,2,,명랑식당,34623,30,110,FD,FD01,FD010100,음식점
대전광역시 유성구 신성로61번안길 20,,3,A05,A0502,A05020100,1941315,39,20140814185200,http://tong.visitkorea.or.kr/cms/resource/45/3032545_image2_1.JPG,http://tong.visitkorea.or.kr/cms/resource/45/3032545_image3_1.JPG,Type3,127.3487479687,36.3902993076,6,20250708095249,4,,모밥 신성점,34107,30,200,FD,FD01,FD010100,음식점
대전광역시 중구 보문산로 331 (문화동),,3,A05,A0502,A05020900,2869381,39,20221018151903,http://tong.visitkorea.or.kr/cms/resource/68/2869368_image2_1.png,http://tong.visitkorea.or.kr/cms/resource/68/2869368_image3_1.png,Type3,127.4132887434,36.3127648784,6,20250827144938,5,,모습,35020,30,140,FD,FD05,FD050100,음식점
대전광역시 중구 대둔산로 377,(산성동),3,A05,A0502,A05020100,2580917,39,20181220224146,http://tong.visitkorea.or.kr/cms/resource/94/3059594_image2_1.JPG,http://tong.visitkorea.or.kr/cms/resource/94/3059594_image3_1.JPG,Type3,127.3859914484,36.3029849570,6,20250723141955,5,,목포팥칼국수,35079,30,140,FD,FD01,FD010100,음식점
대전광역시 서구 원도안로257번길 48 (도안동),,3,A05,A0502,A05020900,2899544,39,20221107103822,http://tong.visitkorea.or.kr/cms/resource/35/2899535_image2_1.jpg,http://tong.visitkorea.or.kr/cms/resource/35/2899535_image3_1.jpg,Type3,127.3473998097,36.3267843293,6,20250915163101,3,,몽뜨,35352,30,170,FD,FD05,FD050100,음식점
대전광역시 중구 계룡로869번길 34 (용두동),,3,A05,A0502,A05020100,2827895,39,20220715110111,http://tong.visitkorea.or.kr/cms/resource/88/2827888_image2_1.jpg,http://tong.visitkorea.or.kr/cms/resource/88/2827888_image3_1.jpg,Type3,127.4124468252,36.3248301507,6,20250910124034,5,,미르식당,34868,30,140,FD,FD01,FD010200,음식점
대전광역시 서구 계룡로553번안길 65 (탄방동),,3,A05,A0502,A05020300,2865914,39,20221012112607,http://tong.visitkorea.or.kr/cms/resource/05/2865905_image2_1.jpg,http://tong.visitkorea.or.kr/cms/resource/05/2865905_image3_1.jpg,Type3,127.3888955744,36.3461550716,6,20250910131017,3,,미세노센세,35263,30,170,FD,FD02,FD020200,음식점
대전광역시 유성구 유성대로1184번길 11-16 (신성동),,3,A05,A0502,A05020900,2866943,39,20221013150649,http://tong.visitkorea.or.kr/cms/resource/35/2866935_image2_1.jpg,http://tong.visitkorea.or.kr/cms/resource/35/2866935_image3_1.jpg,Type3,127.3528780457,36.3943100328,6,20250827142145,4,,밀라드커피로스터즈,34109,30,200,FD,FD05,FD050100,음식점
대전광역시 중구 대흥로121번길 43,(대흥동),3,A05,A0502,A05020100,2580968,39,20181220232341,http://tong.visitkorea.or.kr/cms/resource/48/3071548_image2_1.JPG,http://tong.visitkorea.or.kr/cms/resource/48/3071548_image3_1.JPG,Type3,127.4244540708,36.3253580813,6,20250722112800,5,,바다황제,34918,30,140,FD,FD01,FD010100,음식점
대전광역시 중구 보문산공원로 484,,3,A05,A0502,A05020100,2665540,39,20200729183050,http://tong.visitkorea.or.kr/cms/resource/41/3059541_image2_1.JPG,http://tong.visitkorea.or.kr/cms/resource/41/3059541_image3_1.JPG,Type3,127.4212213832,36.3122095272,6,20250717132305,5,,반찬식당,35052,30,140,FD,FD01,FD010100,음식점
대전광역시 유성구 성북로 58 방동가든,,3,A05,A0502,A05020100,2866963,39,20221013151133,,,,127.3070155845,36.2878352913,6,20250318215008,4,,방동가든,34205,30,200,FD,FD01,FD010100,음식점
대전광역시 서구 변동중로 67,(변동),3,A05,A0502,A05020100,2581039,39,20181220235251,http://tong.visitkorea.or.kr/cms/resource/51/3068451_image2_1.JPG,http://tong.visitkorea.or.kr/cms/resource/51/3068451_image3_1.JPG,Type3,127.3764332388,36.3299761455,6,20250721103749,3,,백마강참숯민물장어,35319,30,170,FD,FD01,FD010100,음식점
대전광역시 동구 산서로1615번길 87 (대별동),,3,A05,A0502,A05020100,2766459,39,20211102195031,http://tong.visitkorea.or.kr/cms/resource/60/2766760_image2_1.jpg,http://tong.visitkorea.or.kr/cms/resource/60/2766760_image2_1.jpg,Type3,127.4588908214,36.2907570934,6,20250915171052,2,,백제식당,34710,30,110,FD,FD01,FD010100,음식점
대전광역시 서구 만년로 70 (만년동),,3,A05,A0502,A05020700,2865929,39,20221012113148,http://tong.visitkorea.or.kr/cms/resource/22/2865922_image2_1.jpg,http://tong.visitkorea.or.kr/cms/resource/22/2865922_image3_1.jpg,Type3,127.3805651984,36.3669830969,6,20250910131404,3,,베스타,35203,30,170,FD,FD02,FD020500,음식점
대전광역시 동구 산서로1659번길 29 (대별동),,3,A05,A0502,A05020100,133387,39,20030819090000,http://tong.visitkorea.or.kr/cms/resource/22/3071322_image2_1.JPG,http://tong.visitkorea.or.kr/cms/resource/22/3071322_image3_1.JPG,Type3,127.4615572417,36.2910432194,6,20250922152018,2,,별천지식당,34711,30,110,FD,FD01,FD010100,음식점
대전광역시 대덕구 신탄진로804번길 31,(신탄진동),3,A05,A0502,A05020100,2581103,39,20181221010318,http://tong.visitkorea.or.kr/cms/resource/63/3016363_image2_1.JPG,http://tong.visitkorea.or.kr/cms/resource/63/3016363_image3_1.JPG,Type3,127.4316611556,36.4495662188,6,20250723142427,1,,부추해물칼국수,34310,30,230,FD,FD01,FD010100,음식점
대전광역시 대덕구 비래골길 47-12 (비래동),,3,A05,A0502,A05020200,2866275,39,20221012140149,http://tong.visitkorea.or.kr/cms/resource/59/2866259_image2_1.jpg,http://tong.visitkorea.or.kr/cms/resource/59/2866259_image3_1.jpg,Type3,127.4492007007,36.3679536500,6,20250910133236,1,,비래키키,34412,30,230,FD,FD02,FD020300,음식점
대전광역시 서구 둔산로31번길 77 (둔산동),,3,A05,A0502,A05020100,2581115,39,20181221012342,http://tong.visitkorea.or.kr/cms/resource/74/3035074_image2_1.JPG,http://tong.visitkorea.or.kr/cms/resource/74/3035074_image3_1.JPG,Type3,127.3772880308,36.3553038188,6,20250717113736,3,,사리원면옥,35229,30,170,FD,FD01,FD010100,음식점
대전광역시 동구 산내로 457 (하소동),,3,A05,A0502,A05020400,2899660,39,20221107114258,http://tong.visitkorea.or.kr/cms/resource/53/2899653_image2_1.jpg,http://tong.visitkorea.or.kr/cms/resource/53/2899653_image3_1.jpg,Type3,127.4441411272,36.2255087299,6,20250911094834,2,,산내돌짜장면 대전본점,34712,30,110,FD,FD02,FD020100,음식점
대전광역시 유성구 관용로 33 (관평동),,3,A05,A0502,A05020100,2784695,39,20211201223603,http://tong.visitkorea.or.kr/cms/resource/14/2784814_image2_1.jpg,http://tong.visitkorea.or.kr/cms/resource/14/2784814_image3_1.jpg,Type3,127.3810249356,36.4160608203,6,20250915174950,4,,산밑할머니,34039,30,200,FD,FD01,FD010100,음식점
대전광역시 동구 대전로825번길 13 (정동),,3,A05,A0502,A05020100,2582074,39,20181224193041,http://tong.visitkorea.or.kr/cms/resource/71/3034871_image2_1.JPG,http://tong.visitkorea.or.kr/cms/resource/71/3034871_image3_1.JPG,Type3,127.4308394130,36.3326351407,6,20250721105245,2,,삼대째전통칼국수,34627,30,110,FD,FD01,FD010100,음식점
대전광역시 유성구 어은로52번길 5 (어은동),,3,A05,A0502,A05020100,1926358,39,20140618002018,http://tong.visitkorea.or.kr/cms/resource/00/3063000_image2_1.JPG,http://tong.visitkorea.or.kr/cms/resource/00/3063000_image3_1.JPG,Type3,127.3575673501,36.3635164178,6,20250723174539,4,,삼부자 부대찌개,34139,30,200,FD,FD01,FD010100,음식점
대전광역시 대덕구 대청호수로 1875 (삼정동),,3,A05,A0502,A05020900,2899785,39,20221107132723,http://tong.visitkorea.or.kr/cms/resource/74/2899774_image2_1.jpg,http://tong.visitkorea.or.kr/cms/resource/74/2899774_image3_1.jpg,Type3,127.4665221062,36.4429092698,6,20250911094015,1,,삼삼카페,34316,30,230,FD,FD05,FD050100,음식점
대전광역시 유성구 관들2길 72-9 (관평동),,3,A05,A0502,A05020400,1923965,39,20140605191201,,,,127.3919515091,36.4243350675,6,20251204173553,4,,상하이양꼬치,34018,30,200,FD,FD02,FD020100,음식점
대전광역시 동구 회남로 162-27,(신하동),3,A05,A0502,A05020900,2766449,39,20211102194648,http://tong.visitkorea.or.kr/cms/resource/65/2766765_image2_1.jpg,http://tong.visitkorea.or.kr/cms/resource/65/2766765_image2_1.jpg,Type3,127.5015823075,36.3614053327,6,20250318210820,2,,샤를몽탁,34501,30,110,FD,FD05,FD050100,음식점
대전광역시 서구 도안대로 37 (관저동),,3,A05,A0502,A05020400,2899522,39,20221107103400,http://tong.visitkorea.or.kr/cms/resource/13/2899513_image2_1.jpg,http://tong.visitkorea.or.kr/cms/resource/13/2899513_image3_1.jpg,Type3,127.3344182266,36.3050032571,6,20250911092238,3,,설짬뽕,35361,30,170,FD,FD02,FD020100,음식점
대전광역시 중구 대종로480번길 15,(은행동),3,A05,A0502,A05020900,1796079,39,20130218223024,http://tong.visitkorea.or.kr/cms/resource/32/2938932_image2_1.bmp,http://tong.visitkorea.or.kr/cms/resource/32/2938932_image3_1.bmp,Type1,127.4272426462,36.3277328597,6,20251023105941,5,,성심당,34921,30,140,FD,FD03,FD030100,음식점
대전광역시 중구 대종로460번길 59,,3,A05,A0502,A05020100,1914255,39,20140417020147,,,,127.4305645917,36.3269802267,6,20250512171909,5,,소나무집,34926,30,140,FD,FD01,FD010100,음식점
대전광역시 유성구 엑스포로446번길 36 (문지동),,3,A05,A0502,A05020300,2866983,39,20221013151733,http://tong.visitkorea.or.kr/cms/resource/76/2866976_image2_1.jpg,http://tong.visitkorea.or.kr/cms/resource/76/2866976_image3_1.jpg,Type3,127.4071925928,36.3956691759,6,20250827142424,4,,소바공방,34050,30,200,FD,FD02,FD020200,음식점
대전광역시 유성구 신성로84번길 18 (신성동),,3,A05,A0502,A05020100,2735301,39,20210819231850,http://tong.visitkorea.or.kr/cms/resource/97/2735297_image2_1.jpg,http://tong.visitkorea.or.kr/cms/resource/97/2735297_image3_1.jpg,Type3,127.3502645028,36.3901826812,6,20250709132751,4,,숯골원냉면 본점,34116,30,200,FD,FD01,FD010100,음식점
대전광역시 서구 만년로18번길 9 (만년동),,3,A05,A0502,A05020300,2914114,39,20221012114118,,,,127.3750379168,36.3669441134,6,20250915112013,3,,시장스시,35200,30,170,FD,FD02,FD020200,음식점
대전광역시 동구 가양로 42 (가양동),,3,A05,A0502,A05020100,2581540,39,20181221203306,http://tong.visitkorea.or.kr/cms/resource/70/3071470_image2_1.JPG,http://tong.visitkorea.or.kr/cms/resource/70/3071470_image3_1.JPG,Type3,127.4416243586,36.3400705934,6,20250725113430,2,,신선만두애,34600,30,110,FD,FD01,FD010100,음식점
대전광역시 중구 산서로 16,,3,A05,A0502,A05020100,2906603,39,20221111160233,http://tong.visitkorea.or.kr/cms/resource/98/2906598_image2_1.jpg,http://tong.visitkorea.or.kr/cms/resource/98/2906598_image3_1.jpg,Type3,127.3826891588,36.2958440484,6,20250116104558,5,,신화수산활어회타운,35082,30,140,FD,FD01,FD010100,음식점
대전광역시 유성구 엑스포로 244-5 (원촌동),,3,A05,A0502,A05020100,2899313,39,20221104172842,http://tong.visitkorea.or.kr/cms/resource/08/2899308_image2_1.jpg,http://tong.visitkorea.or.kr/cms/resource/08/2899308_image3_1.jpg,Type3,127.4063347990,36.3786544405,6,20250915162651,4,,쌍촌본가,34124,30,200,FD,FD01,FD010100,음식점
대전광역시 유성구 대학로 48-17 (봉명동),,3,A05,A0502,A05020900,2867008,39,20221013152757,http://tong.visitkorea.or.kr/cms/resource/00/2867000_image2_1.jpg,http://tong.visitkorea.or.kr/cms/resource/00/2867000_image3_1.jpg,Type3,127.3442936903,36.3579140463,6,20250827142706,4,,아케이드커피,34185,30,200,FD,FD05,FD050100,음식점
대전광역시 유성구 죽동로279번길 5-28 (죽동),,3,A05,A0502,A05020300,2867024,39,20221013153517,http://tong.visitkorea.or.kr/cms/resource/16/2867016_image2_1.jpg,http://tong.visitkorea.or.kr/cms/resource/16/2867016_image3_1.jpg,Type3,127.3389659991,36.3722928618,6,20250915174053,4,,안도스시,34127,30,200,FD,FD02,FD020200,음식점
대전광역시 동구 동서대로1695번길 4 (용전동),,3,A05,A0502,A05020200,3457340,39,20241223124100,http://tong.visitkorea.or.kr/cms/resource/05/3455005_image2_1.jpg,http://tong.visitkorea.or.kr/cms/resource/05/3455005_image3_1.jpg,Type1,127.4380744064,36.3499805081,6,20250731110013,2,,어반더쉐프,34551,30,110,FD,FD02,FD020300,음식점
대전광역시 동구 회남로79번길 107 (신상동),,3,A05,A0502,A05020900,2899246,39,20221104153626,http://tong.visitkorea.or.kr/cms/resource/42/2899242_image2_1.jpg,http://tong.visitkorea.or.kr/cms/resource/42/2899242_image3_1.jpg,Type3,127.4926860804,36.3540699018,6,20250910172344,2,,어썸80더대청,34501,30,110,FD,FD05,FD050100,음식점
대전광역시 서구 둔산남로105번길 18,(둔산동),3,A05,A0502,A05020100,2580065,39,20181219023704,,,,127.3894676458,36.3498241062,6,20250318212637,3,,오백돈 대전본점,35241,30,170,FD,FD01,FD010100,음식점
대전광역시 유성구 유성대로654번길 160 (구암동),,3,A05,A0502,A05020300,2914490,39,20221122101622,http://tong.visitkorea.or.kr/cms/resource/88/2914488_image2_1.jpg,http://tong.visitkorea.or.kr/cms/resource/88/2914488_image3_1.jpg,Type3,127.3375167221,36.3503925641,6,20250915163748,4,,오사카시장스시,34180,30,200,FD,FD02,FD020200,음식점
대전광역시 동구 옛신탄진로 13,(삼성동),3,A05,A0502,A05020100,2581759,39,20181222011951,http://tong.visitkorea.or.kr/cms/resource/73/3016373_image2_1.JPG,http://tong.visitkorea.or.kr/cms/resource/73/3016373_image3_1.JPG,Type3,127.4250757853,36.3419895241,6,20250709094437,2,,오씨칼국수,34568,30,110,FD,FD01,FD010100,음식점
대전광역시 서구 신갈마로230번길 36 (갈마동),,3,A05,A0502,A05020100,2899503,39,20221107102909,http://tong.visitkorea.or.kr/cms/resource/86/2899486_image2_1.jpg,http://tong.visitkorea.or.kr/cms/resource/86/2899486_image3_1.jpg,Type3,127.3712413835,36.3540649645,6,20250911091919,3,,오한순손수제비,35231,30,170,FD,FD01,FD010100,음식점
대전광역시 서구 변동중로 49,(변동),3,A05,A0502,A05020100,2778437,39,20211124190635,,,,127.3746278731,36.3289262339,6,20250325175314,3,,옥수숯불구이,35326,30,170,FD,FD01,FD010100,음식점
대전광역시 유성구 온천북로 61 (봉명동),,3,A05,A0502,A05020100,2734919,39,20210818225124,http://tong.visitkorea.or.kr/cms/resource/97/2734997_image2_1.jpg,http://tong.visitkorea.or.kr/cms/resource/97/2734997_image3_1.jpg,Type3,127.3497987873,36.3566448445,6,20250708180033,4,,온천칼국수,34185,30,200,FD,FD01,FD010100,음식점
대전광역시 서구 갈마역로25번길 9-8,1층,3,A05,A0502,A05020300,2667003,39,20200813005259,,,,127.3734523362,36.3526235022,6,20250318212628,3,,와타요업,35231,30,170,FD,FD02,FD020200,음식점
대전광역시 동구 선화로196번길 6,(중동),3,A05,A0502,A05020100,2581776,39,20181222013219,http://tong.visitkorea.or.kr/cms/resource/29/3034929_image2_1.JPG,http://tong.visitkorea.or.kr/cms/resource/29/3034929_image3_1.JPG,Type3,127.4274952405,36.3336599637,6,20250717093753,2,,왕관식당,34625,30,110,FD,FD01,FD010100,음식점
대전광역시 동구 새울로 42-21,,3,A05,A0502,A05020100,133876,39,20021106090000,,,,127.4636839864,36.3220897084,6,20250318210308,2,,용운산성,34522,30,110,FD,FD01,FD010100,음식점
대전광역시 유성구 죽동로242번길 8-12 (죽동),,3,A05,A0502,A05020100,2743286,39,20210910222211,,,,127.3379354641,36.3749453178,6,20250915162149,4,,유성불백,34127,30,200,FD,FD01,FD010100,음식점
대전광역시 유성구 신성로 69 (신성동),,3,A05,A0502,A05020200,2867102,39,20221013165411,http://tong.visitkorea.or.kr/cms/resource/99/2867099_image2_1.jpg,http://tong.visitkorea.or.kr/cms/resource/99/2867099_image3_1.jpg,Type3,127.3484285675,36.3897604749,6,20250827143145,4,,음식이있는풍경,34107,30,200,FD,FD02,FD020300,음식점
대전광역시 서구 둔산로31번길 31 (둔산동),,3,A05,A0502,A05020200,2899479,39,20221107102356,http://tong.visitkorea.or.kr/cms/resource/67/2899467_image2_1.jpg,http://tong.visitkorea.or.kr/cms/resource/67/2899467_image3_1.jpg,Type3,127.3772742008,36.3531873941,6,20250911091631,3,,이태리국시 본점,35229,30,170,FD,FD02,FD020300,음식점
대전광역시 유성구 월드컵대로 32,,3,A05,A0502,A05020400,821963,39,20091016213700,http://tong.visitkorea.or.kr/cms/resource/24/3032724_image2_1.JPG,http://tong.visitkorea.or.kr/cms/resource/24/3032724_image3_1.JPG,Type3,127.3251063221,36.3651406573,6,20250711093622,4,,이화원,34148,30,200,FD,FD02,FD020100,음식점
대전광역시 서구 대덕대로 246 (둔산동),,3,A05,A0502,A05020700,2865976,39,20221012114528,http://tong.visitkorea.or.kr/cms/resource/73/2865973_image2_1.jpg,http://tong.visitkorea.or.kr/cms/resource/73/2865973_image3_1.jpg,Type3,127.3800016913,36.3547817046,6,20250912091130,3,,인디(INDY),35233,30,170,FD,FD02,FD020400,음식점
대전광역시 유성구 대학로76번길 55 (궁동),,3,A05,A0502,A05020900,2913121,39,20221121104951,http://tong.visitkorea.or.kr/cms/resource/16/2913116_image2_1.jpg,http://tong.visitkorea.or.kr/cms/resource/16/2913116_image3_1.jpg,Type3,127.3472294776,36.3601693955,6,20250912174816,4,,자동차 카페 카레이지 히피스,34183,30,200,FD,FD05,FD050100,음식점
대전광역시 유성구 온천북로 49 (봉명동),,3,A05,A0502,A05020100,2915777,39,20221123102032,http://tong.visitkorea.or.kr/cms/resource/72/2915772_image2_1.jpg,http://tong.visitkorea.or.kr/cms/resource/72/2915772_image3_1.jpg,Type3,127.3482961390,36.3568253529,6,20250915153840,4,,작은화로,34185,30,200,FD,FD01,FD010100,음식점
대전광역시 동구 우암로 220-3,,3,A05,A0502,A05020100,2582057,39,20181224191712,http://tong.visitkorea.or.kr/cms/resource/36/3071436_image2_1.JPG,http://tong.visitkorea.or.kr/cms/resource/36/3071436_image3_1.JPG,Type3,127.4412298665,36.3431396797,6,20250722111946,2,,적덕식당,34593,30,110,FD,FD01,FD010100,음식점
대전광역시 유성구 관들5길 77-34 (관평동),,3,A05,A0502,A05020100,2867110,39,20221013170252,http://tong.visitkorea.or.kr/cms/resource/05/2867105_image2_1.jpg,http://tong.visitkorea.or.kr/cms/resource/05/2867105_image3_1.jpg,Type3,127.3924431656,36.4230963291,6,20250827143548,4,,전낙소 대전본점,34019,30,200,FD,FD01,FD010100,음식점
대전광역시 유성구 엑스포로539번길 24-6 (전민동),,3,A05,A0502,A05020100,2867117,39,20221013171014,http://tong.visitkorea.or.kr/cms/resource/15/2867115_image2_1.jpg,http://tong.visitkorea.or.kr/cms/resource/15/2867115_image3_1.jpg,Type3,127.4033065780,36.4048902733,6,20250827144104,4,,전미원,34043,30,200,FD,FD01,FD010100,음식점
대전광역시 유성구 관들3길 77-14 (관평동),,3,A05,A0502,A05020100,2915716,39,20221123100725,http://tong.visitkorea.or.kr/cms/resource/01/2915701_image2_1.jpg,http://tong.visitkorea.or.kr/cms/resource/01/2915701_image3_1.jpg,Type3,127.3912765906,36.4235934737,6,20250915131938,4,,전복에굴에,34019,30,200,FD,FD01,FD010100,음식점
대전광역시 서구 월평중로4번길 80,(갈마동),3,A05,A0502,A05020100,2788888,39,20211208184220,http://tong.visitkorea.or.kr/cms/resource/37/2795737_image2_1.jpg,http://tong.visitkorea.or.kr/cms/resource/37/2795737_image3_1.jpg,Type3,127.3683666374,36.3541815667,6,20250325175738,3,,전통콩나물밥,35224,30,170,FD,FD01,FD010100,음식점
대전광역시 서구 둔산대로117번길 34 (만년동),,3,A05,A0502,A05020100,3444834,39,20241213151553,http://tong.visitkorea.or.kr/cms/resource/57/3444257_image2_1.jpg,http://tong.visitkorea.or.kr/cms/resource/57/3444257_image3_1.jpg,Type1,127.3826205834,36.3665109649,6,20250729161518,3,,정일품두손두부,35203,30,170,FD,FD01,FD010100,음식점
대전광역시 서구 장안로 226,,3,A05,A0502,A05020100,608066,39,20080812204556,http://tong.visitkorea.or.kr/cms/resource/21/3033621_image2_1.JPG,http://tong.visitkorea.or.kr/cms/resource/21/3033621_image3_1.JPG,Type3,127.3422749467,36.2357640881,6,20250721102511,3,,정자나무가든,35426,30,170,FD,FD01,FD010100,음식점
대전광역시 대덕구 쌍청당로 14 (중리동),,3,A05,A0502,A05020400,2899748,39,20221107131906,http://tong.visitkorea.or.kr/cms/resource/41/2899741_image2_1.png,http://tong.visitkorea.or.kr/cms/resource/41/2899741_image3_1.png,Type3,127.4353353997,36.3633205998,6,20251030154806,1,,조기종의 향미각 본점,34410,30,230,FD,FD02,FD020100,음식점
대전광역시 중구 중교로 45-5 (대흥동),,3,A05,A0502,A05020100,2582117,39,20181224195618,http://tong.visitkorea.or.kr/cms/resource/70/3575670_image2_1.jpg,http://tong.visitkorea.or.kr/cms/resource/70/3575670_image3_1.jpg,Type3,127.4247095876,36.3259246880,6,20251128094017,5,,진로집,34915,30,140,FD,FD01,FD010200,음식점
대전광역시 유성구 온천로 63,,3,A05,A0502,A05020100,134714,39,20041129090000,,,,127.3449159251,36.3553726813,6,20250318215006,4,,청주해장국,34186,30,200,FD,FD01,FD010100,음식점
대전광역시 동구 철갑3길 8 (소제동),,3,A05,A0502,A05020700,2865825,39,20221012110039,http://tong.visitkorea.or.kr/cms/resource/18/2865818_image2_1.jpg,http://tong.visitkorea.or.kr/cms/resource/18/2865818_image3_1.jpg,Type3,127.4377470863,36.3342295261,6,20250910124247,2,,치앙마이방콕,34615,30,110,FD,FD02,FD020400,음식점
대전광역시 중구 보문로288번길 19 (선화동),,3,A05,A0502,A05020200,2869359,39,20221018151110,http://tong.visitkorea.or.kr/cms/resource/37/2869337_image2_1.jpg,http://tong.visitkorea.or.kr/cms/resource/37/2869337_image3_1.jpg,Type3,127.4225902522,36.3288965330,6,20250827144656,5,,카라멜,34839,30,140,FD,FD02,FD020300,음식점
대전광역시 유성구 엑스포로539번길 223 (탑립동),,3,A05,A0502,A05020900,2766901,39,20211103001019,http://tong.visitkorea.or.kr/cms/resource/33/2766933_image2_1.jpg,http://tong.visitkorea.or.kr/cms/resource/33/2766933_image3_1.jpg,Type3,127.3951155208,36.4094534942,6,20250915172039,4,,커피가,34043,30,200,FD,FD05,FD050100,음식점
대전광역시 유성구 봉명로 27-27 (원신흥동),3층,3,A05,A0502,A05020100,2734912,39,20210818224837,http://tong.visitkorea.or.kr/cms/resource/05/2735005_image2_1.jpg,http://tong.visitkorea.or.kr/cms/resource/05/2735005_image2_1.jpg,Type3,127.3438857950,36.3430740702,6,20250708175557,4,,케이인하우스,34190,30,200,FD,FD01,FD010100,음식점
대전광역시 유성구 가정로 310-14 (도룡동),,3,A05,A0502,A05020900,2899393,39,20221107100640,http://tong.visitkorea.or.kr/cms/resource/86/2899386_image2_1.jpg,http://tong.visitkorea.or.kr/cms/resource/86/2899386_image3_1.jpg,Type3,127.3770678034,36.3849059834,6,20250910175648,4,,코너스톤에이치(cornerstone H),34130,30,200,FD,FD05,FD050100,음식점
대전광역시 유성구 봉명로 27-7 (원신흥동),,3,A05,A0502,A05020900,2951584,39,20230308150546,http://tong.visitkorea.or.kr/cms/resource/76/2951576_image2_1.jpg,http://tong.visitkorea.or.kr/cms/resource/76/2951576_image3_1.jpg,Type3,127.3427192500,36.3424269014,6,20250915170637,4,,쿠쿠펫,34190,30,200,FD,FD05,FD050300,음식점
대전광역시 동구 중앙로203번길 78,,3,A05,A0502,A05020400,1807586,39,20130426002712,http://tong.visitkorea.or.kr/cms/resource/56/1944656_image2_1.jpg,http://tong.visitkorea.or.kr/cms/resource/56/1944656_image3_1.jpg,Type3,127.4293534026,36.3338349770,6,20251127175854,2,,태화장,34625,30,110,FD,FD02,FD020100,음식점
대전광역시 서구 청사서로 14 (월평동),,3,A05,A0502,A05020300,2866029,39,20221012115842,http://tong.visitkorea.or.kr/cms/resource/24/2866024_image2_1.jpg,http://tong.visitkorea.or.kr/cms/resource/24/2866024_image3_1.jpg,Type3,127.3769046272,36.3591894788,6,20250915162443,3,,토미야,35220,30,170,FD,FD02,FD020200,음식점
대전광역시 동구 회남로 57-54,(신상동),3,A05,A0502,A05020200,2767023,39,20211103003705,http://tong.visitkorea.or.kr/cms/resource/23/3026823_image2_1.JPG,http://tong.visitkorea.or.kr/cms/resource/23/3026823_image3_1.JPG,Type3,127.4961302603,36.3525006984,6,20250708114004,2,,플레이스 플로라,34501,30,110,FD,FD02,FD020300,음식점
대전광역시 서구 둔산로123번길 21 (둔산동),M시티타워 1층 피터커피,3,A05,A0502,A05020900,3452654,39,20241219145010,http://tong.visitkorea.or.kr/cms/resource/05/3453105_image2_1.jpg,http://tong.visitkorea.or.kr/cms/resource/05/3453105_image3_1.jpg,Type1,127.3872816631,36.3523098944,6,20250728104608,3,,피터커피,35240,30,170,FD,FD05,FD050100,음식점
대전광역시 유성구 원신흥로55번길 66-23 (원신흥동),,3,A05,A0502,A05020900,2734910,39,20210818224530,http://tong.visitkorea.or.kr/cms/resource/39/2735039_image2_1.jpg,http://tong.visitkorea.or.kr/cms/resource/39/2735039_image3_1.jpg,Type3,127.3441636557,36.3390911974,6,20250915155713,4,,하얀책상,34193,30,200,FD,FD05,FD050100,음식점
대전광역시 동구 태전로 3 (중동),,3,A05,A0502,A05020100,2582629,39,20181225025736,http://tong.visitkorea.or.kr/cms/resource/61/3071461_image2_1.JPG,http://tong.visitkorea.or.kr/cms/resource/61/3071461_image3_1.JPG,Type3,127.4309450032,36.3310214378,6,20250725113759,2,,한밭식당,34627,30,110,FD,FD01,FD010100,음식점
대전광역시 유성구 원신흥남로28번길 27 (원신흥동),,3,A05,A0502,A05020100,2915692,39,20221123100343,http://tong.visitkorea.or.kr/cms/resource/71/2915671_image2_1.jpg,http://tong.visitkorea.or.kr/cms/resource/71/2915671_image3_1.jpg,Type3,127.3399308116,36.3350082560,6,20250915131659,4,,한알천 본점,34195,30,200,FD,FD01,FD010100,음식점
대전광역시 중구 계룡로874번길 6,(오류동),3,A05,A0502,A05020100,2582663,39,20181226182056,http://tong.visitkorea.or.kr/cms/resource/42/3071542_image2_1.JPG,http://tong.visitkorea.or.kr/cms/resource/42/3071542_image3_1.JPG,Type3,127.4107553482,36.3234080611,6,20250725130223,5,,한영식당,34908,30,140,FD,FD01,FD010100,음식점
대전광역시 유성구 북유성대로487번길 37 (외삼동),,3,A05,A0502,A05020900,2766948,39,20211103002000,http://tong.visitkorea.or.kr/cms/resource/43/2767243_image2_1.jpg,http://tong.visitkorea.or.kr/cms/resource/43/2767243_image3_1.jpg,Type3,127.3020906339,36.4050856767,6,20250915172333,4,,한옥카페 예이제448,34062,30,200,FD,FD05,FD050100,음식점
대전광역시 유성구 한밭대로 407-18 (궁동),,3,A05,A0502,A05020100,2915848,39,20221123105249,http://tong.visitkorea.or.kr/cms/resource/37/2915837_image2_1.jpg,http://tong.visitkorea.or.kr/cms/resource/37/2915837_image3_1.jpg,Type3,127.3441296734,36.3631801072,6,20250915155412,4,,훈불,34136,30,200,FD,FD01,FD010100,음식점
대전광역시 대덕구 대청로 9 (신탄진동),,3,A05,A0502,A05020100,2866231,39,20221012134819,http://tong.visitkorea.or.kr/cms/resource/17/2866217_image2_1.jpg,http://tong.visitkorea.or.kr/cms/resource/17/2866217_image3_1.jpg,Type3,127.4296834974,36.4516742756,6,20250910132517,1,,11시들쌈밥,34306,30,230,FD,FD01,FD010100,음식점
