년,월,업종코드,업종명,매출액
2020,5,1101,양복점.한복점,9781000
2020,5,1104,아동.유아복,21652220
2020,5,1106,일반의류,114344410
2020,5,1107,스포츠용품점,35796121
2020,5,1108,모피.무스탕,300000
2020,5,1110,내의류,15813570
2020,5,1111,교복,9023000
2020,5,1112,의류관련(기타),3062500
2020,5,1201,커튼.카펫.수건,15395200
2020,5,1202,침구및수예품,55046730
2020,5,1301,세탁업,32373550
2020,5,1401,기타잡화,21538400
2020,5,1402,시계.귀금속,28843780
2020,5,1403,안경.광학제품,120601571
2020,5,1404,구두.신발,4781070
2020,5,1405,가방.핸드백,4797100
2020,5,1407,가발,2737000
2020,5,1501,화장품,85251538
2020,5,1503,미용재료,4957600
2020,5,1601,이발소,990500
2020,5,1602,미용실(두발전문),236520012
2020,5,1701,피부.체형미관리,97799140
2020,5,2102,"축산물,정육점",166583548
2020,5,2103,"수산물,건어물",58171680
2020,5,2104,"농산물,청과물",119031280
2020,5,2105,기타식음료품,139995211
2020,5,2201,건강보조식품,22480387
2020,5,2202,인삼전문점,6849320
2020,5,2203,한국인삼공사,6272000
2020,5,2301,일반음식점,1300136603
2020,5,2302,중식전문점,94215612
2020,5,2303,일식전문점,96377450
2020,5,2305,서양식전문점,79907540
2020,5,2307,패스트푸드점,58078810
2020,5,2309,치킨전문점,93978244
2020,5,2310,식음료(기타),20927970
2020,5,2401,기타음식점,30059650
2020,5,2402,뷔페.출장연회,10444300
2020,5,2501,제과.제빵,108333720
2020,5,2502,커피전문점,140963575
2020,5,2503,아이스크림전문점,6847450
2020,5,2601,일반주점,41517960
2020,5,2602,주류전문점,1004600
2020,5,2604,기타주점,64100
2020,5,3101,가전제품,260834413
2020,5,3102,정수기.비데,390000
2020,5,3104,기타전자제품,4872350
2020,5,3201,컴퓨터및소프트웨어,21889391
2020,5,3202,통신기기,8982100
2020,5,3203,"철재,사무용가구",2572800
2020,5,3204,기타사무용기기,484480
2020,5,3301,가구판매점,327877837
2020,5,3302,기타가정.주방용품,28059904
2020,5,3303,조명기구.전기,7796684
2020,5,3402,"보일러,펌프,샷시",10192728
2020,5,3403,기타건축자재,25057156
2020,5,3405,실내장식(인테리어),16990140
2020,5,3501,중고품판매점,4548900
2020,5,3503,기타장비임대,11373800
2020,5,3504,기타수리.수선전문,19947930
2020,5,3601,기타부동산관련업,1007200
2020,5,3602,부동산중개,18000
2020,5,3801,웨딩토탈서비스,12838200
2020,5,3802,예식장,28453500
2020,5,4101,종합병원,156890380
2020,5,4102,일반병원,79437429
2020,5,4103,한방병원,23140270
2020,5,4104,요양병원,136417400
2020,5,4201,치과,645740759
2020,5,4202,내과,82134980
2020,5,4203,신경정신과,28160030
2020,5,4204,외과,35484720
2020,5,4205,성형외과,60412800
2020,5,4206,산부인과,40415800
2020,5,4207,안과,37177320
2020,5,4208,이비인후과,7319870
2020,5,4209,피부과,130221680
2020,5,4211,기타의료업,66464220
2020,5,4212,한의원,96044360
2020,5,4214,소아과,12276340
2020,5,4215,정형외과,114437320
2020,5,4401,의약품판매,31115087
2020,5,4402,약국,229942100
2020,5,4403,한약방,5314500
2020,5,4501,기타약품.의료기기,61562900
2020,5,4601,산후조리원,168770020
2020,5,5101,백화점,4105561
2020,5,5102,대형할인점,636880
2020,5,5103,기타상설할인.아울렛,45000
2020,5,5201,슈퍼마켓.마트,466530926
2020,5,5202,편의점,128527800
2020,5,5203,소비조합(구내매점),30346790
2020,5,5204,농수축협직판장,86101850
2020,5,5205,농협식품전문점,97414510
2020,5,5206,체인스토어,18836130
2020,5,5301,기타,30440768
2020,5,5302,기타종합소매점,4086890
2020,5,5402,비료.사료.종자,1425720
2020,5,5602,통신.방문판매,3518000
2020,5,6101,호텔(특급),1833200
2020,5,6102,호텔(특급외),5335760
2020,5,6103,기타숙박업소,2656000
2020,5,6104,레저용숙박업소,423700
2020,5,6203,"수집품,기념품",47500
2020,5,6204,차량임대(렌터카),341000
2020,5,6205,선물용품점,808000
2020,5,6402,자동차(수입신차),3832564
2020,5,6403,자동차(중고차),3770000
2020,5,6404,오토바이,3648153
2020,5,6501,차량부품.용품,71968285
2020,5,6502,자동차정비,137121994
2020,5,6504,타이어판매점,35563100
2020,5,6601,주유소,278531578
2020,5,6602,주유소(LPG),18332952
2020,5,6603,기타연료판매,6490162
2020,5,6701,주차장.폐차장,4745780
2020,5,6702,세차장,11087430
2020,5,7101,유치원,574700
2020,5,7103,대학교.대학원,269000
2020,5,7201,"입시학원,보습학원",1108181934
2020,5,7202,외국어학원,538977902
2020,5,7204,무술도장 등(학원),85587000
2020,5,7205,예체능계열학원,157044500
2020,5,7210,자동차운전학원,12315080
2020,5,7211,기술.직업훈련학원,25785000
2020,5,7213,기타교육.교습.학원,328884270
2020,5,7301,요양.보육.복지시설,14871860
2020,5,7303,교육및교구,10617670
2020,5,8101,서적(출판),70855926
2020,5,8102,"문구,사무용품",40187926
2020,5,8104,악기판매점,13921000
2020,5,8105,"기타레저,스포츠용품",63373579
2020,5,8106,자전거,72227034
2020,5,8107,카메라.캠코더,4010000
2020,5,8109,예술품.골동품,303800
2020,5,8110,화원.화초,26995500
2020,5,8111,"애완동물,용품(수족관)",10334923
2020,5,8112,기타상품판매점,33865980
2020,5,8113,사진관.현상소,16563900
2020,5,8114,점술업,100000
2020,5,8115,동물병원,34246680
2020,5,8117,완구,5068100
2020,5,8119,화방.표구점,101500
2020,5,8120,민예품.공예품,2165500
2020,5,8121,전문스포츠용품점,59377830
2020,5,8202,기타오락.휴식시설,2328900
2020,5,8203,영화.공연장,272000
2020,5,8302,골프장,4016500
2020,5,8305,헬스클럽,67242970
2020,5,8308,당구장,4028900
2020,5,8309,골프연습장,26593300
2020,5,8310,기타취미.레저.스포츠,202255352
2020,5,8401,오락실/PC방,3592200
2020,5,8402,노래방,5249000
2020,5,8405,사우나.목욕탕.찜질방,23002000
2020,5,8406,기타대인서비스,3560000
2020,5,8501,기타요금,116800
2020,5,8503,종합레저타운,3371000
2020,5,9204,공과금,649790
2020,5,9301,이사/화물운송업,4650500
2020,5,9303,택배서비스,53070
2020,5,9305,기타운송기구,4094070
2020,5,9306,창고보관업,54100
2020,5,9402,판촉물.인쇄.복사,6321950
2020,5,9407,기계.장비(기타),1920302
2020,5,9502,법무전문서비스,1165000
2020,5,9503,세무전문서비스,4160000
2020,5,9504,광고기획.대행업,1060000
2020,5,9511,기타전문서비스,9029200
2020,5,9602,기타서비스,58451140
2020,5,9801,각종단체회비,1460000
2020,5,9906,종교시설 기부,784000
2020,6,1101,양복점.한복점,44921900
2020,6,1104,아동.유아복,85568537
2020,6,1106,일반의류,782157652
2020,6,1107,스포츠용품점,195836462
2020,6,1108,모피.무스탕,1755780
2020,6,1110,내의류,132340476
2020,6,1111,교복,24389700
2020,6,1112,의류관련(기타),8758100
2020,6,1201,커튼.카펫.수건,107951160
2020,6,1202,침구및수예품,307486690
2020,6,1301,세탁업,184595320
2020,6,1401,기타잡화,151747956
2020,6,1402,시계.귀금속,205365220
2020,6,1403,안경.광학제품,701771584
2020,6,1404,구두.신발,43141040
2020,6,1405,가방.핸드백,10859952
2020,6,1407,가발,19055040
2020,6,1501,화장품,499193430
2020,6,1503,미용재료,32789014
2020,6,1601,이발소,11281000
2020,6,1602,미용실(두발전문),1395806954
2020,6,1701,피부.체형미관리,427764840
2020,6,2102,"축산물,정육점",1522219096
2020,6,2103,"수산물,건어물",478489780
2020,6,2104,"농산물,청과물",1016345511
2020,6,2105,기타식음료품,1271101713
2020,6,2201,건강보조식품,159486120
2020,6,2202,인삼전문점,46243988
2020,6,2203,한국인삼공사,31162200
2020,6,2301,일반음식점,10856710513
2020,6,2302,중식전문점,887251433
2020,6,2303,일식전문점,642053066
2020,6,2305,서양식전문점,547569322
2020,6,2307,패스트푸드점,596229292
2020,6,2309,치킨전문점,939714702
2020,6,2310,식음료(기타),183541240
2020,6,2401,기타음식점,231668178
2020,6,2402,뷔페.출장연회,68427240
2020,6,2501,제과.제빵,1020020087
2020,6,2502,커피전문점,1288678674
2020,6,2503,아이스크림전문점,74673116
2020,6,2601,일반주점,378024305
2020,6,2602,주류전문점,4880800
2020,6,2604,기타주점,1299500
2020,6,3101,가전제품,1349050335
2020,6,3102,정수기.비데,5801541
2020,6,3104,기타전자제품,49914760
2020,6,3201,컴퓨터및소프트웨어,89284074
2020,6,3202,통신기기,47515280
2020,6,3203,"철재,사무용가구",10246350
2020,6,3204,기타사무용기기,12207725
2020,6,3301,가구판매점,2083123148
2020,6,3302,기타가정.주방용품,285132707
2020,6,3303,조명기구.전기,55040315
2020,6,3402,"보일러,펌프,샷시",90517922
2020,6,3403,기타건축자재,224016602
2020,6,3405,실내장식(인테리어),71329481
2020,6,3501,중고품판매점,40706895
2020,6,3503,기타장비임대,103291349
2020,6,3504,기타수리.수선전문,164685700
2020,6,3601,기타부동산관련업,3845100
2020,6,3602,부동산중개,1620500
2020,6,3801,웨딩토탈서비스,46813422
2020,6,3802,예식장,107694500
2020,6,3803,기타가례서비스,32508800
2020,6,4101,종합병원,1238837227
2020,6,4102,일반병원,575753702
2020,6,4103,한방병원,198748927
2020,6,4104,요양병원,443142087
2020,6,4201,치과,3074385343
2020,6,4202,내과,595941443
2020,6,4203,신경정신과,165255194
2020,6,4204,외과,233408212
2020,6,4205,성형외과,232098552
2020,6,4206,산부인과,254362520
2020,6,4207,안과,232504030
2020,6,4208,이비인후과,44576219
2020,6,4209,피부과,634551182
2020,6,4211,기타의료업,476915757
2020,6,4212,한의원,589975581
2020,6,4214,소아과,92791364
2020,6,4215,정형외과,920399302
2020,6,4401,의약품판매,231986259
2020,6,4402,약국,2249784115
2020,6,4403,한약방,48969540
2020,6,4501,기타약품.의료기기,281296064
2020,6,4601,산후조리원,670009368
2020,6,5102,대형할인점,696000
2020,6,5103,기타상설할인.아울렛,333575751
2020,6,5201,슈퍼마켓.마트,4791885296
2020,6,5202,편의점,1910261855
2020,6,5203,소비조합(구내매점),239218800
2020,6,5204,농수축협직판장,941906720
2020,6,5205,농협식품전문점,1011637145
2020,6,5206,체인스토어,403422511
2020,6,5301,기타,109261787
2020,6,5302,기타종합소매점,43410522
2020,6,5402,비료.사료.종자,18544921
2020,6,5501,인터넷상거래,218000
2020,6,5602,통신.방문판매,142518277
2020,6,6101,호텔(특급),13549785
2020,6,6102,호텔(특급외),73924882
2020,6,6103,기타숙박업소,29456200
2020,6,6104,레저용숙박업소,699800
2020,6,6201,여행사,1768000
2020,6,6203,"수집품,기념품",496000
2020,6,6204,차량임대(렌터카),3218350
2020,6,6205,선물용품점,11166000
2020,6,6302,택시,200000
2020,6,6402,자동차(수입신차),12821616
2020,6,6403,자동차(중고차),10340000
2020,6,6404,오토바이,53314059
2020,6,6501,차량부품.용품,390186384
2020,6,6502,자동차정비,982683351
2020,6,6504,타이어판매점,233269851
2020,6,6601,주유소,2935238938
2020,6,6602,주유소(LPG),198780462
2020,6,6603,기타연료판매,25665932
2020,6,6701,주차장.폐차장,33061940
2020,6,6702,세차장,64926710
2020,6,6705,고속도로통행카드,800
2020,6,7101,유치원,10591630
2020,6,7103,대학교.대학원,1815800
2020,6,7201,"입시학원,보습학원",4362499623
2020,6,7202,외국어학원,1945645864
2020,6,7204,무술도장 등(학원),445080681
2020,6,7205,예체능계열학원,786311818
2020,6,7210,자동차운전학원,103435010
2020,6,7211,기술.직업훈련학원,143621310
2020,6,7213,기타교육.교습.학원,1701319850
2020,6,7301,요양.보육.복지시설,49985310
2020,6,7303,교육및교구,51805720
2020,6,8101,서적(출판),535842191
2020,6,8102,"문구,사무용품",281491794
2020,6,8103,비디오.음반,1101600
2020,6,8104,악기판매점,77719690
2020,6,8105,"기타레저,스포츠용품",470968388
2020,6,8106,자전거,293556087
2020,6,8107,카메라.캠코더,10675000
2020,6,8109,예술품.골동품,1771340
2020,6,8110,화원.화초,156728731
2020,6,8111,"애완동물,용품(수족관)",107814515
2020,6,8112,기타상품판매점,233202803
2020,6,8113,사진관.현상소,128072126
2020,6,8114,점술업,1004000
2020,6,8115,동물병원,278021450
2020,6,8117,완구,45134950
2020,6,8119,화방.표구점,3653900
2020,6,8120,민예품.공예품,17559500
2020,6,8121,전문스포츠용품점,303190200
2020,6,8202,기타오락.휴식시설,21035600
2020,6,8203,영화.공연장,3088000
2020,6,8302,골프장,76570100
2020,6,8305,헬스클럽,328991773
2020,6,8308,당구장,26191800
2020,6,8309,골프연습장,210795021
2020,6,8310,기타취미.레저.스포츠,891697696
2020,6,8401,오락실/PC방,60947750
2020,6,8402,노래방,42468700
2020,6,8405,사우나.목욕탕.찜질방,114551550
2020,6,8406,기타대인서비스,28520000
2020,6,8501,기타요금,2737800
2020,6,8503,종합레저타운,18695130
2020,6,8603,안마시술소,80000
2020,6,9204,공과금,5258230
2020,6,9207,공공편의서비스,154100
2020,6,9301,이사/화물운송업,27236160
2020,6,9303,택배서비스,2311420
2020,6,9305,기타운송기구,12185730
2020,6,9306,창고보관업,801050
2020,6,9402,판촉물.인쇄.복사,40208825
2020,6,9407,기계.장비(기타),20666342
2020,6,9502,법무전문서비스,10546350
2020,6,9503,세무전문서비스,3584000
2020,6,9504,광고기획.대행업,14493600
2020,6,9511,기타전문서비스,40888430
2020,6,9602,기타서비스,293080314
2020,6,9801,각종단체회비,7745500
2020,6,9906,종교시설 기부,4057000
2020,7,1101,양복점.한복점,98298090
2020,7,1104,아동.유아복,111818926
2020,7,1106,일반의류,1110367101
2020,7,1107,스포츠용품점,270806147
2020,7,1110,내의류,177553157
2020,7,1111,교복,15194200
2020,7,1112,의류관련(기타),15636600
2020,7,1201,커튼.카펫.수건,178728464
2020,7,1202,침구및수예품,371104621
2020,7,1301,세탁업,218834005
2020,7,1401,기타잡화,254535348
2020,7,1402,시계.귀금속,426235910
2020,7,1403,안경.광학제품,1179632282
2020,7,1404,구두.신발,74222340
2020,7,1405,가방.핸드백,22272210
2020,7,1407,가발,40803500
2020,7,1501,화장품,895254308
2020,7,1503,미용재료,74593230
2020,7,1601,이발소,17387000
2020,7,1602,미용실(두발전문),2473923458
2020,7,1701,피부.체형미관리,712866599
2020,7,2102,"축산물,정육점",2831078150
2020,7,2103,"수산물,건어물",927418116
2020,7,2104,"농산물,청과물",1791645475
2020,7,2105,기타식음료품,2294500011
2020,7,2201,건강보조식품,286713610
2020,7,2202,인삼전문점,99263980
2020,7,2203,한국인삼공사,67634627
2020,7,2301,일반음식점,19329639644
2020,7,2302,중식전문점,1590047593
2020,7,2303,일식전문점,1069232289
2020,7,2305,서양식전문점,918270042
2020,7,2307,패스트푸드점,1062635120
2020,7,2309,치킨전문점,1681810785
2020,7,2310,식음료(기타),338505081
2020,7,2401,기타음식점,472394202
2020,7,2402,뷔페.출장연회,66438220
2020,7,2501,제과.제빵,1878841998
2020,7,2502,커피전문점,2218625533
2020,7,2503,아이스크림전문점,122384809
2020,7,2601,일반주점,714286957
2020,7,2602,주류전문점,9086600
2020,7,2604,기타주점,1619400
2020,7,3101,가전제품,1813135205
2020,7,3102,정수기.비데,6306100
2020,7,3104,기타전자제품,109106256
2020,7,3201,컴퓨터및소프트웨어,177090959
2020,7,3202,통신기기,73968280
2020,7,3203,"철재,사무용가구",20058750
2020,7,3204,기타사무용기기,8993685
2020,7,3301,가구판매점,3645593978
2020,7,3302,기타가정.주방용품,477328912
2020,7,3303,조명기구.전기,102190331
2020,7,3402,"보일러,펌프,샷시",236692592
2020,7,3403,기타건축자재,392534067
2020,7,3405,실내장식(인테리어),121826879
2020,7,3501,중고품판매점,53040939
2020,7,3503,기타장비임대,200055282
2020,7,3504,기타수리.수선전문,280508992
2020,7,3601,기타부동산관련업,6659010
2020,7,3602,부동산중개,8440000
2020,7,3801,웨딩토탈서비스,57082400
2020,7,3802,예식장,185168923
2020,7,3803,기타가례서비스,35814700
2020,7,4101,종합병원,2260133377
2020,7,4102,일반병원,992230074
2020,7,4103,한방병원,269048117
2020,7,4104,요양병원,722331051
2020,7,4201,치과,5814033793
2020,7,4202,내과,1165313316
2020,7,4203,신경정신과,283916051
2020,7,4204,외과,375162090
2020,7,4205,성형외과,490208681
2020,7,4206,산부인과,451183947
2020,7,4207,안과,415627740
2020,7,4208,이비인후과,80187930
2020,7,4209,피부과,1161176029
2020,7,4211,기타의료업,871014971
2020,7,4212,한의원,1026999613
2020,7,4214,소아과,150214820
2020,7,4215,정형외과,1698924150
2020,7,4401,의약품판매,280854171
2020,7,4402,약국,3343983559
2020,7,4403,한약방,74079892
2020,7,4501,기타약품.의료기기,449327496
2020,7,4601,산후조리원,781785557
2020,7,5102,대형할인점,1884920
2020,7,5103,기타상설할인.아울렛,92048053
2020,7,5201,슈퍼마켓.마트,8742398968
2020,7,5202,편의점,3862717373
2020,7,5203,소비조합(구내매점),458351906
2020,7,5204,농수축협직판장,1607771780
2020,7,5205,농협식품전문점,1826183880
2020,7,5206,체인스토어,664542304
2020,7,5301,기타,180474716
2020,7,5302,기타종합소매점,71930090
2020,7,5402,비료.사료.종자,35154720
2020,7,5501,인터넷상거래,569000
2020,7,5602,통신.방문판매,409729720
2020,7,6101,호텔(특급),34826550
2020,7,6102,호텔(특급외),140011285
2020,7,6103,기타숙박업소,59990688
2020,7,6104,레저용숙박업소,3094900
2020,7,6201,여행사,2800000
2020,7,6202,여행지원서비스,500000
2020,7,6203,"수집품,기념품",1716500
2020,7,6204,차량임대(렌터카),8861000
2020,7,6205,선물용품점,9316000
2020,7,6404,오토바이,70045440
2020,7,6501,차량부품.용품,658988149
2020,7,6502,자동차정비,1732523805
2020,7,6504,타이어판매점,481699539
2020,7,6601,주유소,5844770215
2020,7,6602,주유소(LPG),410422466
2020,7,6603,기타연료판매,43826404
2020,7,6604,전기차충전소,10000
2020,7,6701,주차장.폐차장,85094152
2020,7,6702,세차장,89985111
2020,7,6703,차량견인서비스,340000
2020,7,6705,고속도로통행카드,800
2020,7,7101,유치원,39027900
2020,7,7103,대학교.대학원,2981200
2020,7,7201,"입시학원,보습학원",7271479536
2020,7,7202,외국어학원,2810289221
2020,7,7204,무술도장 등(학원),771845985
2020,7,7205,예체능계열학원,1338678613
2020,7,7210,자동차운전학원,383229048
2020,7,7211,기술.직업훈련학원,294638730
2020,7,7213,기타교육.교습.학원,2940645119
2020,7,7301,요양.보육.복지시설,90134619
2020,7,7303,교육및교구,98193870
2020,7,8101,서적(출판),857664271
2020,7,8102,"문구,사무용품",375138698
2020,7,8103,비디오.음반,669300
2020,7,8104,악기판매점,93533640
2020,7,8105,"기타레저,스포츠용품",611876216
2020,7,8106,자전거,482766361
2020,7,8107,카메라.캠코더,20975825
2020,7,8109,예술품.골동품,2677310
2020,7,8110,화원.화초,275680078
2020,7,8111,"애완동물,용품(수족관)",192670663
2020,7,8112,기타상품판매점,391992976
2020,7,8113,사진관.현상소,221325102
2020,7,8114,점술업,1740000
2020,7,8115,동물병원,500889480
2020,7,8117,완구,83731670
2020,7,8119,화방.표구점,5574600
2020,7,8120,민예품.공예품,24876500
2020,7,8121,전문스포츠용품점,576752296
2020,7,8202,기타오락.휴식시설,44036800
2020,7,8203,영화.공연장,4332000
2020,7,8302,골프장,133283070
2020,7,8305,헬스클럽,618871481
2020,7,8308,당구장,58333180
2020,7,8309,골프연습장,443546755
2020,7,8310,기타취미.레저.스포츠,1639477038
2020,7,8401,오락실/PC방,147954670
2020,7,8402,노래방,98766660
2020,7,8405,사우나.목욕탕.찜질방,251299638
2020,7,8406,기타대인서비스,42208009
2020,7,8501,기타요금,1897000
2020,7,8503,종합레저타운,21405049
2020,7,8603,안마시술소,2179600
2020,7,9204,공과금,8190661
2020,7,9207,공공편의서비스,171850
2020,7,9301,이사/화물운송업,38311620
2020,7,9303,택배서비스,3873459
2020,7,9305,기타운송기구,15523220
2020,7,9306,창고보관업,1607000
2020,7,9402,판촉물.인쇄.복사,61028107
2020,7,9407,기계.장비(기타),33172800
2020,7,9502,법무전문서비스,15514330
2020,7,9503,세무전문서비스,12602010
2020,7,9504,광고기획.대행업,10362520
2020,7,9511,기타전문서비스,61370158
2020,7,9602,기타서비스,561969827
2020,7,9801,각종단체회비,29135990
2020,7,9906,종교시설 기부,11508000
2020,8,1101,양복점.한복점,30974600
2020,8,1104,아동.유아복,52111201
2020,8,1106,일반의류,598460454
2020,8,1107,스포츠용품점,121824644
2020,8,1108,모피.무스탕,476000
2020,8,1110,내의류,110336866
2020,8,1111,교복,6900297
2020,8,1112,의류관련(기타),4575000
2020,8,1201,커튼.카펫.수건,71200882
2020,8,1202,침구및수예품,148544041
2020,8,1301,세탁업,167272640
2020,8,1401,기타잡화,146360312
2020,8,1402,시계.귀금속,105413413
2020,8,1403,안경.광학제품,692975833
2020,8,1404,구두.신발,45947300
2020,8,1405,가방.핸드백,12267900
2020,8,1407,가발,14014000
2020,8,1501,화장품,409439901
2020,8,1503,미용재료,34909009
2020,8,1601,이발소,13450400
2020,8,1602,미용실(두발전문),1691503805
2020,8,1701,피부.체형미관리,269904716
2020,8,2102,"축산물,정육점",2189650356
2020,8,2103,"수산물,건어물",749944047
2020,8,2104,"농산물,청과물",1340637680
2020,8,2105,기타식음료품,1853799299
2020,8,2201,건강보조식품,129317846
2020,8,2202,인삼전문점,44413647
2020,8,2203,한국인삼공사,31074150
2020,8,2301,일반음식점,16925577607
2020,8,2302,중식전문점,1403972622
2020,8,2303,일식전문점,869317792
2020,8,2305,서양식전문점,815574022
2020,8,2307,패스트푸드점,964188044
2020,8,2309,치킨전문점,1431177082
2020,8,2310,식음료(기타),254933434
2020,8,2401,기타음식점,290312755
2020,8,2402,뷔페.출장연회,48271600
2020,8,2501,제과.제빵,1633873811
2020,8,2502,커피전문점,1995201379
2020,8,2503,아이스크림전문점,122912528
2020,8,2601,일반주점,596782295
2020,8,2602,주류전문점,5885350
2020,8,2604,기타주점,1711000
2020,8,3101,가전제품,326273687
2020,8,3102,정수기.비데,3058100
2020,8,3104,기타전자제품,35089013
2020,8,3201,컴퓨터및소프트웨어,47376961
2020,8,3202,통신기기,27212750
2020,8,3203,"철재,사무용가구",10065500
2020,8,3204,기타사무용기기,4553184
2020,8,3301,가구판매점,840771155
2020,8,3302,기타가정.주방용품,219139620
2020,8,3303,조명기구.전기,52685925
2020,8,3402,"보일러,펌프,샷시",75555893
2020,8,3403,기타건축자재,159947443
2020,8,3405,실내장식(인테리어),59145630
2020,8,3501,중고품판매점,27717700
2020,8,3503,기타장비임대,132494380
2020,8,3504,기타수리.수선전문,134733470
2020,8,3601,기타부동산관련업,4475160
2020,8,3602,부동산중개,3402000
2020,8,3801,웨딩토탈서비스,13565900
2020,8,3802,예식장,56178472
2020,8,3803,기타가례서비스,13165000
2020,8,4101,종합병원,1071662701
2020,8,4102,일반병원,488871389
2020,8,4103,한방병원,134236779
2020,8,4104,요양병원,333320048
2020,8,4201,치과,2027121777
2020,8,4202,내과,703868358
2020,8,4203,신경정신과,156421640
2020,8,4204,외과,193683736
2020,8,4205,성형외과,224770051
2020,8,4206,산부인과,271167160
2020,8,4207,안과,221767792
2020,8,4208,이비인후과,60809910
2020,8,4209,피부과,560204794
2020,8,4211,기타의료업,503246220
2020,8,4212,한의원,573457006
2020,8,4214,소아과,96088031
2020,8,4215,정형외과,942455479
2020,8,4401,의약품판매,116642167
2020,8,4402,약국,2195920201
2020,8,4403,한약방,33290570
2020,8,4501,기타약품.의료기기,129882889
2020,8,4601,산후조리원,167921525
2020,8,5102,대형할인점,2631740
2020,8,5103,기타상설할인.아울렛,2302800
2020,8,5201,슈퍼마켓.마트,7428790601
2020,8,5202,편의점,3431839435
2020,8,5203,소비조합(구내매점),362047644
2020,8,5204,농수축협직판장,1246430603
2020,8,5205,농협식품전문점,1382887380
2020,8,5206,체인스토어,531948534
2020,8,5301,기타,69817459
2020,8,5302,기타종합소매점,60777347
2020,8,5402,비료.사료.종자,30000530
2020,8,5501,인터넷상거래,420000
2020,8,5602,통신.방문판매,76046321
2020,8,6101,호텔(특급),19900964
2020,8,6102,호텔(특급외),47264018
2020,8,6103,기타숙박업소,47698900
2020,8,6104,레저용숙박업소,1569400
2020,8,6201,여행사,20000
2020,8,6203,"수집품,기념품",195800
2020,8,6204,차량임대(렌터카),1663500
2020,8,6205,선물용품점,3332500
2020,8,6302,택시,200000
2020,8,6404,오토바이,22027530
2020,8,6501,차량부품.용품,258758897
2020,8,6502,자동차정비,933063847
2020,8,6504,타이어판매점,209694759
2020,8,6601,주유소,4918350569
2020,8,6602,주유소(LPG),466024744
2020,8,6603,기타연료판매,19773884
2020,8,6701,주차장.폐차장,46017035
2020,8,6702,세차장,78338310
2020,8,6703,차량견인서비스,64000
2020,8,6705,고속도로통행카드,800
2020,8,7101,유치원,11527500
2020,8,7103,대학교.대학원,3175900
2020,8,7201,"입시학원,보습학원",3024720788
2020,8,7202,외국어학원,941685632
2020,8,7204,무술도장 등(학원),339724270
2020,8,7205,예체능계열학원,641845309
2020,8,7210,자동차운전학원,114204522
2020,8,7211,기술.직업훈련학원,105617760
2020,8,7213,기타교육.교습.학원,1304760067
2020,8,7301,요양.보육.복지시설,39302970
2020,8,7303,교육및교구,28568700
2020,8,8101,서적(출판),498996966
2020,8,8102,"문구,사무용품",265587492
2020,8,8103,비디오.음반,699500
2020,8,8104,악기판매점,24847700
2020,8,8105,"기타레저,스포츠용품",291227004
2020,8,8106,자전거,127202966
2020,8,8107,카메라.캠코더,9105800
2020,8,8109,예술품.골동품,2424868
2020,8,8110,화원.화초,141453544
2020,8,8111,"애완동물,용품(수족관)",148657378
2020,8,8112,기타상품판매점,237525633
2020,8,8113,사진관.현상소,109117470
2020,8,8114,점술업,100000
2020,8,8115,동물병원,305982726
2020,8,8117,완구,60059120
2020,8,8118,총포류,50000
2020,8,8119,화방.표구점,7005800
2020,8,8120,민예품.공예품,13276492
2020,8,8121,전문스포츠용품점,232700518
2020,8,8202,기타오락.휴식시설,50201700
2020,8,8203,영화.공연장,3615500
2020,8,8302,골프장,107478683
2020,8,8305,헬스클럽,231576730
2020,8,8308,당구장,55919554
2020,8,8309,골프연습장,203209781
2020,8,8310,기타취미.레저.스포츠,703922199
2020,8,8401,오락실/PC방,141871899
2020,8,8402,노래방,70174834
2020,8,8405,사우나.목욕탕.찜질방,103529800
2020,8,8406,기타대인서비스,19911200
2020,8,8501,기타요금,7183600
2020,8,8503,종합레저타운,30621300
2020,8,8603,안마시술소,200000
2020,8,9204,공과금,3981843
2020,8,9207,공공편의서비스,3155770
2020,8,9301,이사/화물운송업,7081550
2020,8,9303,택배서비스,2194950
2020,8,9305,기타운송기구,6955094
2020,8,9306,창고보관업,815000
2020,8,9402,판촉물.인쇄.복사,22465170
2020,8,9407,기계.장비(기타),15695428
2020,8,9502,법무전문서비스,9269460
2020,8,9503,세무전문서비스,1372000
2020,8,9504,광고기획.대행업,2086450
2020,8,9511,기타전문서비스,27192801
2020,8,9602,기타서비스,245023735
2020,8,9801,각종단체회비,7548850
2020,8,9906,종교시설 기부,3854000
2020,9,1101,양복점.한복점,16609000
2020,9,1104,아동.유아복,36240225
2020,9,1106,일반의류,430254127
2020,9,1107,스포츠용품점,90089959
2020,9,1108,모피.무스탕,800000
2020,9,1110,내의류,80054470
2020,9,1111,교복,13529400
2020,9,1112,의류관련(기타),2601700
2020,9,1201,커튼.카펫.수건,35096477
2020,9,1202,침구및수예품,102571098
2020,9,1301,세탁업,142859392
2020,9,1401,기타잡화,85705724
2020,9,1402,시계.귀금속,40494110
2020,9,1403,안경.광학제품,457441733
2020,9,1404,구두.신발,27050800
2020,9,1405,가방.핸드백,5580560
2020,9,1407,가발,10253500
2020,9,1501,화장품,283833792
2020,9,1503,미용재료,22118530
2020,9,1601,이발소,11412630
2020,9,1602,미용실(두발전문),1233970787
2020,9,1701,피부.체형미관리,136841565
2020,9,2102,"축산물,정육점",2296502168
2020,9,2103,"수산물,건어물",948424080
2020,9,2104,"농산물,청과물",1575249392
2020,9,2105,기타식음료품,1699388491
2020,9,2201,건강보조식품,121681051
2020,9,2202,인삼전문점,69029912
2020,9,2203,한국인삼공사,41667154
2020,9,2301,일반음식점,11844236654
2020,9,2302,중식전문점,1038511080
2020,9,2303,일식전문점,688153526
2020,9,2305,서양식전문점,536722253
2020,9,2307,패스트푸드점,758955967
2020,9,2309,치킨전문점,1049911517
2020,9,2310,식음료(기타),293470043
2020,9,2401,기타음식점,249184175
2020,9,2402,뷔페.출장연회,18925400
2020,9,2501,제과.제빵,1390916425
2020,9,2502,커피전문점,1513772323
2020,9,2503,아이스크림전문점,78354790
2020,9,2601,일반주점,341393121
2020,9,2602,주류전문점,8093660
2020,9,2604,기타주점,694200
2020,9,3101,가전제품,65943625
2020,9,3102,정수기.비데,1032050
2020,9,3104,기타전자제품,26542367
2020,9,3201,컴퓨터및소프트웨어,23050550
2020,9,3202,통신기기,13472722
2020,9,3203,"철재,사무용가구",6730780
2020,9,3204,기타사무용기기,3220112
2020,9,3301,가구판매점,338209604
2020,9,3302,기타가정.주방용품,142916738
2020,9,3303,조명기구.전기,28601876
2020,9,3402,"보일러,펌프,샷시",45503223
2020,9,3403,기타건축자재,89457204
2020,9,3405,실내장식(인테리어),28779013
2020,9,3501,중고품판매점,19362400
2020,9,3503,기타장비임대,116032190
2020,9,3504,기타수리.수선전문,82207991
2020,9,3601,기타부동산관련업,1850700
2020,9,3602,부동산중개,1155000
2020,9,3801,웨딩토탈서비스,7755900
2020,9,3802,예식장,-1123500
2020,9,3803,기타가례서비스,227600
2020,9,4101,종합병원,753576564
2020,9,4102,일반병원,465939882
2020,9,4103,한방병원,87334048
2020,9,4104,요양병원,249221761
2020,9,4201,치과,1369039305
2020,9,4202,내과,762736182
2020,9,4203,신경정신과,129752428
2020,9,4204,외과,158878454
2020,9,4205,성형외과,128280437
2020,9,4206,산부인과,255193562
2020,9,4207,안과,166404880
2020,9,4208,이비인후과,84516590
2020,9,4209,피부과,417453553
2020,9,4211,기타의료업,493980019
2020,9,4212,한의원,469547074
2020,9,4214,소아과,119485820
2020,9,4215,정형외과,720675999
2020,9,4401,의약품판매,83098117
2020,9,4402,약국,2056749069
2020,9,4403,한약방,27369122
2020,9,4501,기타약품.의료기기,80229654
2020,9,4601,산후조리원,55599954
2020,9,5102,대형할인점,2239370
2020,9,5103,기타상설할인.아울렛,1407000
2020,9,5201,슈퍼마켓.마트,6675254106
2020,9,5202,편의점,2899501311
2020,9,5203,소비조합(구내매점),323754752
2020,9,5204,농수축협직판장,1011751709
2020,9,5205,농협식품전문점,1201348058
2020,9,5206,체인스토어,484786994
2020,9,5301,기타,50662023
2020,9,5302,기타종합소매점,53223765
2020,9,5402,비료.사료.종자,20705940
2020,9,5602,통신.방문판매,45288331
2020,9,6101,호텔(특급),10892340
2020,9,6102,호텔(특급외),15461403
2020,9,6103,기타숙박업소,28152107
2020,9,6104,레저용숙박업소,624600
2020,9,6201,여행사,78000
2020,9,6203,"수집품,기념품",375000
2020,9,6204,차량임대(렌터카),1224700
2020,9,6205,선물용품점,1160500
2020,9,6404,오토바이,14850270
2020,9,6501,차량부품.용품,166317701
2020,9,6502,자동차정비,649633097
2020,9,6504,타이어판매점,107443361
2020,9,6601,주유소,3779207541
2020,9,6602,주유소(LPG),381048590
2020,9,6603,기타연료판매,17909942
2020,9,6701,주차장.폐차장,31375160
2020,9,6702,세차장,49213830
2020,9,6703,차량견인서비스,230500
2020,9,7101,유치원,9197450
2020,9,7103,대학교.대학원,2334700
2020,9,7201,"입시학원,보습학원",3021943193
2020,9,7202,외국어학원,1055732087
2020,9,7204,무술도장 등(학원),278391180
2020,9,7205,예체능계열학원,559718618
2020,9,7210,자동차운전학원,52723700
2020,9,7211,기술.직업훈련학원,57653976
2020,9,7213,기타교육.교습.학원,1207296594
2020,9,7301,요양.보육.복지시설,43423134
2020,9,7303,교육및교구,17366500
2020,9,8101,서적(출판),394175689
2020,9,8102,"문구,사무용품",232554490
2020,9,8103,비디오.음반,355800
2020,9,8104,악기판매점,17408500
2020,9,8105,"기타레저,스포츠용품",195363183
2020,9,8106,자전거,116301131
2020,9,8107,카메라.캠코더,1739500
2020,9,8109,예술품.골동품,1212800
2020,9,8110,화원.화초,133233105
2020,9,8111,"애완동물,용품(수족관)",104382390
2020,9,8112,기타상품판매점,174978292
2020,9,8113,사진관.현상소,68084900
2020,9,8114,점술업,220000
2020,9,8115,동물병원,246213290
2020,9,8117,완구,38535223
2020,9,8119,화방.표구점,4838500
2020,9,8120,민예품.공예품,10766200
2020,9,8121,전문스포츠용품점,145105964
2020,9,8202,기타오락.휴식시설,18278200
2020,9,8203,영화.공연장,1983500
2020,9,8302,골프장,102337660
2020,9,8305,헬스클럽,100404440
2020,9,8308,당구장,38130040
2020,9,8309,골프연습장,134428745
2020,9,8310,기타취미.레저.스포츠,354129826
2020,9,8401,오락실/PC방,68254030
2020,9,8402,노래방,23791200
2020,9,8405,사우나.목욕탕.찜질방,35067565
2020,9,8406,기타대인서비스,12597250
2020,9,8501,기타요금,619800
2020,9,8503,종합레저타운,18567700
2020,9,8603,안마시술소,610000
2020,9,9204,공과금,2726191
2020,9,9207,공공편의서비스,1402200
2020,9,9301,이사/화물운송업,3074800
2020,9,9303,택배서비스,2285240
2020,9,9305,기타운송기구,5169750
2020,9,9306,창고보관업,374700
2020,9,9402,판촉물.인쇄.복사,20020610
2020,9,9407,기계.장비(기타),11625180
2020,9,9502,법무전문서비스,2114521
2020,9,9503,세무전문서비스,768000
2020,9,9504,광고기획.대행업,2530000
2020,9,9511,기타전문서비스,11931469
2020,9,9602,기타서비스,192619936
2020,9,9801,각종단체회비,3167590
2020,9,9906,종교시설 기부,2072000
2020,10,1101,양복점.한복점,19119000
2020,10,1104,아동.유아복,33577940
2020,10,1106,일반의류,537227589
2020,10,1107,스포츠용품점,121863884
2020,10,1108,모피.무스탕,110000
2020,10,1110,내의류,80984915
2020,10,1111,교복,20316080
2020,10,1112,의류관련(기타),4898850
2020,10,1201,커튼.카펫.수건,33884750
2020,10,1202,침구및수예품,104733101
2020,10,1301,세탁업,176482771
2020,10,1401,기타잡화,89846439
2020,10,1402,시계.귀금속,32459500
2020,10,1403,안경.광학제품,404040879
2020,10,1404,구두.신발,33876900
2020,10,1405,가방.핸드백,4433500
2020,10,1407,가발,5553000
2020,10,1501,화장품,214336581
2020,10,1503,미용재료,15775100
2020,10,1601,이발소,11112000
2020,10,1602,미용실(두발전문),1098688947
2020,10,1701,피부.체형미관리,114075757
2020,10,2102,"축산물,정육점",1556987126
2020,10,2103,"수산물,건어물",824119163
2020,10,2104,"농산물,청과물",962935717
2020,10,2105,기타식음료품,1325808071
2020,10,2201,건강보조식품,92641476
2020,10,2202,인삼전문점,32342068
2020,10,2203,한국인삼공사,15574400
2020,10,2301,일반음식점,11607921232
2020,10,2302,중식전문점,1039602968
2020,10,2303,일식전문점,689659239
2020,10,2305,서양식전문점,568725465
2020,10,2307,패스트푸드점,661271755
2020,10,2309,치킨전문점,935813497
2020,10,2310,식음료(기타),194702736
2020,10,2401,기타음식점,216394395
2020,10,2402,뷔페.출장연회,31295500
2020,10,2501,제과.제빵,1244207414
2020,10,2502,커피전문점,1448576103
2020,10,2503,아이스크림전문점,61950600
2020,10,2601,일반주점,381658390
2020,10,2602,주류전문점,3003550
2020,10,2604,기타주점,814000
2020,10,3101,가전제품,52878463
2020,10,3102,정수기.비데,1077100
2020,10,3104,기타전자제품,20195851
2020,10,3201,컴퓨터및소프트웨어,8756190
2020,10,3202,통신기기,9273730
2020,10,3203,"철재,사무용가구",3739940
2020,10,3204,기타사무용기기,2279362
2020,10,3301,가구판매점,247498535
2020,10,3302,기타가정.주방용품,125474756
2020,10,3303,조명기구.전기,26728169
2020,10,3402,"보일러,펌프,샷시",44185374
2020,10,3403,기타건축자재,74287075
2020,10,3405,실내장식(인테리어),26510070
2020,10,3501,중고품판매점,18879950
2020,10,3503,기타장비임대,132814195
2020,10,3504,기타수리.수선전문,72120501
2020,10,3601,기타부동산관련업,5982120
2020,10,3602,부동산중개,836000
2020,10,3801,웨딩토탈서비스,7226000
2020,10,3802,예식장,12237500
2020,10,3803,기타가례서비스,1910500
2020,10,4101,종합병원,653517846
2020,10,4102,일반병원,425493489
2020,10,4103,한방병원,72846494
2020,10,4104,요양병원,215649997
2020,10,4201,치과,1104397615
2020,10,4202,내과,690927843
2020,10,4203,신경정신과,108640440
2020,10,4204,외과,121676700
2020,10,4205,성형외과,96468485
2020,10,4206,산부인과,205766290
2020,10,4207,안과,119798870
2020,10,4208,이비인후과,77556660
2020,10,4209,피부과,364422021
2020,10,4211,기타의료업,444753322
2020,10,4212,한의원,385076965
2020,10,4214,소아과,129997790
2020,10,4215,정형외과,556690578
2020,10,4401,의약품판매,89106734
2020,10,4402,약국,1705582843
2020,10,4403,한약방,25943500
2020,10,4501,기타약품.의료기기,59807386
2020,10,4601,산후조리원,45398214
2020,10,5102,대형할인점,1812300
2020,10,5103,기타상설할인.아울렛,2292500
2020,10,5201,슈퍼마켓.마트,5245409807
2020,10,5202,편의점,2554158646
2020,10,5203,소비조합(구내매점),242312580
2020,10,5204,농수축협직판장,746036055
2020,10,5205,농협식품전문점,870154130
2020,10,5206,체인스토어,343904807
2020,10,5301,기타,31843524
2020,10,5302,기타종합소매점,45773272
2020,10,5402,비료.사료.종자,12702410
2020,10,5602,통신.방문판매,39108492
2020,10,6101,호텔(특급),10157365
2020,10,6102,호텔(특급외),19701100
2020,10,6103,기타숙박업소,25424000
2020,10,6104,레저용숙박업소,1361300
2020,10,6201,여행사,1000
2020,10,6203,"수집품,기념품",409500
2020,10,6204,차량임대(렌터카),975750
2020,10,6205,선물용품점,1506000
2020,10,6404,오토바이,13291100
2020,10,6501,차량부품.용품,123947332
2020,10,6502,자동차정비,513701938
2020,10,6504,타이어판매점,102813900
2020,10,6601,주유소,3358944011
2020,10,6602,주유소(LPG),356025063
2020,10,6603,기타연료판매,19370546
2020,10,6701,주차장.폐차장,31003540
2020,10,6702,세차장,47698215
2020,10,6703,차량견인서비스,229500
2020,10,6705,고속도로통행카드,5600
2020,10,7101,유치원,11676700
2020,10,7103,대학교.대학원,2242200
2020,10,7201,"입시학원,보습학원",2706227120
2020,10,7202,외국어학원,878256784
2020,10,7204,무술도장 등(학원),293812600
2020,10,7205,예체능계열학원,550768657
2020,10,7210,자동차운전학원,41908400
2020,10,7211,기술.직업훈련학원,30535000
2020,10,7213,기타교육.교습.학원,1100334927
2020,10,7301,요양.보육.복지시설,37586884
2020,10,7303,교육및교구,15000400
2020,10,8101,서적(출판),328453983
2020,10,8102,"문구,사무용품",199100561
2020,10,8103,비디오.음반,430600
2020,10,8104,악기판매점,10919000
2020,10,8105,"기타레저,스포츠용품",262847176
2020,10,8106,자전거,92400138
2020,10,8107,카메라.캠코더,1151000
2020,10,8109,예술품.골동품,1232000
2020,10,8110,화원.화초,120087456
2020,10,8111,"애완동물,용품(수족관)",90721520
2020,10,8112,기타상품판매점,133900705
2020,10,8113,사진관.현상소,59559850
2020,10,8114,점술업,300000
2020,10,8115,동물병원,201787165
2020,10,8117,완구,39659200
2020,10,8118,총포류,50000
2020,10,8119,화방.표구점,4934800
2020,10,8120,민예품.공예품,7656301
2020,10,8121,전문스포츠용품점,150068878
2020,10,8202,기타오락.휴식시설,21858250
2020,10,8203,영화.공연장,1830500
2020,10,8302,골프장,108185436
2020,10,8305,헬스클럽,108771470
2020,10,8308,당구장,36308410
2020,10,8309,골프연습장,139543950
2020,10,8310,기타취미.레저.스포츠,369231930
2020,10,8401,오락실/PC방,107041890
2020,10,8402,노래방,54839300
2020,10,8405,사우나.목욕탕.찜질방,56000100
2020,10,8406,기타대인서비스,9077500
2020,10,8501,기타요금,5910900
2020,10,8503,종합레저타운,43672200
2020,10,8603,안마시술소,400000
2020,10,9204,공과금,2907427
2020,10,9207,공공편의서비스,4246450
2020,10,9301,이사/화물운송업,1897888
2020,10,9303,택배서비스,1630370
2020,10,9305,기타운송기구,2798970
2020,10,9306,창고보관업,422850
2020,10,9402,판촉물.인쇄.복사,14494337
2020,10,9407,기계.장비(기타),7181780
2020,10,9502,법무전문서비스,2488000
2020,10,9504,광고기획.대행업,1427400
2020,10,9511,기타전문서비스,12821988
2020,10,9602,기타서비스,173792345
2020,10,9801,각종단체회비,3766240
2020,10,9906,종교시설 기부,1247500
2020,11,1101,양복점.한복점,86305400
2020,11,1104,아동.유아복,193209840
2020,11,1106,일반의류,1618952167
2020,11,1107,스포츠용품점,505495071
2020,11,1108,모피.무스탕,6681000
2020,11,1110,내의류,214228766
2020,11,1111,교복,32024400
2020,11,1112,의류관련(기타),8722900
2020,11,1201,커튼.카펫.수건,218242566
2020,11,1202,침구및수예품,561837492
2020,11,1301,세탁업,330731529
2020,11,1401,기타잡화,265620720
2020,11,1402,시계.귀금속,375027470
2020,11,1403,안경.광학제품,1296562216
2020,11,1404,구두.신발,96975700
2020,11,1405,가방.핸드백,18422500
2020,11,1407,가발,43142000
2020,11,1501,화장품,888440228
2020,11,1503,미용재료,74444250
2020,11,1601,이발소,22882500
2020,11,1602,미용실(두발전문),2620398561
2020,11,1701,피부.체형미관리,635136538
2020,11,2102,"축산물,정육점",3440286319
2020,11,2103,"수산물,건어물",1879237591
2020,11,2104,"농산물,청과물",2244936484
2020,11,2105,기타식음료품,2709376243
2020,11,2201,건강보조식품,294138968
2020,11,2202,인삼전문점,100500009
2020,11,2203,한국인삼공사,60102457
2020,11,2301,일반음식점,21809803006
2020,11,2302,중식전문점,1828411995
2020,11,2303,일식전문점,1380833262
2020,11,2305,서양식전문점,1082212066
2020,11,2307,패스트푸드점,1103600952
2020,11,2309,치킨전문점,1684127840
2020,11,2310,식음료(기타),456385483
2020,11,2401,기타음식점,460557250
2020,11,2402,뷔페.출장연회,115122700
2020,11,2501,제과.제빵,2177081725
2020,11,2502,커피전문점,2319950697
2020,11,2503,아이스크림전문점,106125981
2020,11,2601,일반주점,731849276
2020,11,2602,주류전문점,10942750
2020,11,2604,기타주점,2083600
2020,11,3101,가전제품,1243461456
2020,11,3102,정수기.비데,4699340
2020,11,3104,기타전자제품,194693370
2020,11,3201,컴퓨터및소프트웨어,106572969
2020,11,3202,통신기기,104951280
2020,11,3203,"철재,사무용가구",19941080
2020,11,3204,기타사무용기기,9264140
2020,11,3301,가구판매점,3229809046
2020,11,3302,기타가정.주방용품,456076327
2020,11,3303,조명기구.전기,102992438
2020,11,3402,"보일러,펌프,샷시",248958493
2020,11,3403,기타건축자재,282574651
2020,11,3405,실내장식(인테리어),93832630
2020,11,3501,중고품판매점,52443680
2020,11,3503,기타장비임대,248907601
2020,11,3504,기타수리.수선전문,224582800
2020,11,3601,기타부동산관련업,8602180
2020,11,3602,부동산중개,11126375
2020,11,3801,웨딩토탈서비스,55285677
2020,11,3802,예식장,223368763
2020,11,3803,기타가례서비스,24628200
2020,11,4101,종합병원,1997193173
2020,11,4102,일반병원,1036697894
2020,11,4103,한방병원,287387929
2020,11,4104,요양병원,604172875
2020,11,4201,치과,4827658013
2020,11,4202,내과,1247653962
2020,11,4203,신경정신과,247380550
2020,11,4204,외과,375838708
2020,11,4205,성형외과,426385817
2020,11,4206,산부인과,456593398
2020,11,4207,안과,364575840
2020,11,4208,이비인후과,111175770
2020,11,4209,피부과,1216872330
2020,11,4211,기타의료업,937448364
2020,11,4212,한의원,1089099930
2020,11,4214,소아과,224215559
2020,11,4215,정형외과,1472069189
2020,11,4401,의약품판매,295473066
2020,11,4402,약국,3328938917
2020,11,4403,한약방,69836500
2020,11,4501,기타약품.의료기기,397762039
2020,11,4601,산후조리원,657611035
2020,11,5102,대형할인점,2838790
2020,11,5103,기타상설할인.아울렛,501150
2020,11,5201,슈퍼마켓.마트,9899122780
2020,11,5202,편의점,4150956964
2020,11,5203,소비조합(구내매점),485460800
2020,11,5204,농수축협직판장,2006827576
2020,11,5205,농협식품전문점,2167711400
2020,11,5206,체인스토어,730459349
2020,11,5301,기타,185908935
2020,11,5302,기타종합소매점,74880910
2020,11,5402,비료.사료.종자,17570640
2020,11,5501,인터넷상거래,2111000
2020,11,5602,통신.방문판매,229657652
2020,11,6101,호텔(특급),36866970
2020,11,6102,호텔(특급외),109162448
2020,11,6103,기타숙박업소,65997045
2020,11,6104,레저용숙박업소,3569400
2020,11,6201,여행사,15000
2020,11,6203,"수집품,기념품",453400
2020,11,6204,차량임대(렌터카),5278087
2020,11,6205,선물용품점,9238000
2020,11,6302,택시,100000
2020,11,6308,기타승객운송업,1133000
2020,11,6404,오토바이,35527788
2020,11,6501,차량부품.용품,578565902
2020,11,6502,자동차정비,1678803595
2020,11,6504,타이어판매점,568079476
2020,11,6601,주유소,6341836927
2020,11,6602,주유소(LPG),596879051
2020,11,6603,기타연료판매,87632510
2020,11,6701,주차장.폐차장,70904450
2020,11,6702,세차장,110927151
2020,11,6703,차량견인서비스,441500
2020,11,6705,고속도로통행카드,7200
2020,11,7101,유치원,52640300
2020,11,7103,대학교.대학원,3583100
2020,11,7201,"입시학원,보습학원",7962877516
2020,11,7202,외국어학원,2985152519
2020,11,7204,무술도장 등(학원),1016874065
2020,11,7205,예체능계열학원,1687204750
2020,11,7210,자동차운전학원,237605350
2020,11,7211,기술.직업훈련학원,236408440
2020,11,7213,기타교육.교습.학원,3472908287
2020,11,7301,요양.보육.복지시설,118091208
2020,11,7303,교육및교구,136064849
2020,11,8101,서적(출판),1502913665
2020,11,8102,"문구,사무용품",412201319
2020,11,8103,비디오.음반,1170800
2020,11,8104,악기판매점,74704000
2020,11,8105,"기타레저,스포츠용품",1138086954
2020,11,8106,자전거,207805961
2020,11,8107,카메라.캠코더,13437800
2020,11,8109,예술품.골동품,1944100
2020,11,8110,화원.화초,276577054
2020,11,8111,"애완동물,용품(수족관)",216238370
2020,11,8112,기타상품판매점,405043357
2020,11,8113,사진관.현상소,229841750
2020,11,8114,점술업,855000
2020,11,8115,동물병원,500672472
2020,11,8117,완구,96972154
2020,11,8118,총포류,500000
2020,11,8119,화방.표구점,7287100
2020,11,8120,민예품.공예품,26431894
2020,11,8121,전문스포츠용품점,613333605
2020,11,8202,기타오락.휴식시설,53426650
2020,11,8203,영화.공연장,4096000
2020,11,8302,골프장,202413050
2020,11,8305,헬스클럽,656710193
2020,11,8308,당구장,60941974
2020,11,8309,골프연습장,383647850
2020,11,8310,기타취미.레저.스포츠,1869966761
2020,11,8401,오락실/PC방,165202130
2020,11,8402,노래방,124587575
2020,11,8405,사우나.목욕탕.찜질방,227156900
2020,11,8406,기타대인서비스,46610500
2020,11,8501,기타요금,11087200
2020,11,8503,종합레저타운,75346200
2020,11,8603,안마시술소,4230000
2020,11,9207,공공편의서비스,5559370
2020,11,9301,이사/화물운송업,21098810
2020,11,9303,택배서비스,5170330
2020,11,9305,기타운송기구,15612580
2020,11,9306,창고보관업,1644950
2020,11,9402,판촉물.인쇄.복사,47442324
2020,11,9407,기계.장비(기타),14100518
2020,11,9502,법무전문서비스,14379950
2020,11,9503,세무전문서비스,5049000
2020,11,9504,광고기획.대행업,11526300
2020,11,9511,기타전문서비스,53638218
2020,11,9602,기타서비스,540811922
2020,11,9801,각종단체회비,17863400
2020,11,9906,종교시설 기부,5290000
2020,12,1101,양복점.한복점,37438900
2020,12,1104,아동.유아복,83375668
2020,12,1106,일반의류,775015720
2020,12,1107,스포츠용품점,255969462
2020,12,1108,모피.무스탕,12854000
2020,12,1110,내의류,167565409
2020,12,1111,교복,18972600
2020,12,1112,의류관련(기타),1977900
2020,12,1201,커튼.카펫.수건,114604770
2020,12,1202,침구및수예품,255931939
2020,12,1301,세탁업,227764399
2020,12,1401,기타잡화,163746904
2020,12,1402,시계.귀금속,191247335
2020,12,1403,안경.광학제품,693916338
2020,12,1404,구두.신발,65014000
2020,12,1405,가방.핸드백,7090800
2020,12,1407,가발,31969500
2020,12,1501,화장품,530624870
2020,12,1503,미용재료,36081900
2020,12,1601,이발소,15391500
2020,12,1602,미용실(두발전문),1603515958
2020,12,1701,피부.체형미관리,315808555
2020,12,2102,"축산물,정육점",3039029394
2020,12,2103,"수산물,건어물",1518098334
2020,12,2104,"농산물,청과물",1707159348
2020,12,2105,기타식음료품,2174500128
2020,12,2201,건강보조식품,183973887
2020,12,2202,인삼전문점,62937729
2020,12,2203,한국인삼공사,30830549
2020,12,2301,일반음식점,13459472006
2020,12,2302,중식전문점,1319300397
2020,12,2303,일식전문점,849364064
2020,12,2305,서양식전문점,563174994
2020,12,2307,패스트푸드점,975653855
2020,12,2309,치킨전문점,1390662005
2020,12,2310,식음료(기타),364388114
2020,12,2401,기타음식점,254521033
2020,12,2402,뷔페.출장연회,59724400
2020,12,2501,제과.제빵,1858595490
2020,12,2502,커피전문점,1504871334
2020,12,2503,아이스크림전문점,96985242
2020,12,2601,일반주점,289063137
2020,12,2602,주류전문점,7783350
2020,12,2604,기타주점,636500
2020,12,3101,가전제품,485307820
2020,12,3102,정수기.비데,2462100
2020,12,3104,기타전자제품,122579030
2020,12,3201,컴퓨터및소프트웨어,75842037
2020,12,3202,통신기기,68969100
2020,12,3203,"철재,사무용가구",14945600
2020,12,3204,기타사무용기기,7642465
2020,12,3301,가구판매점,1659259037
2020,12,3302,기타가정.주방용품,289704817
2020,12,3303,조명기구.전기,88548943
2020,12,3402,"보일러,펌프,샷시",151520089
2020,12,3403,기타건축자재,212125580
2020,12,3405,실내장식(인테리어),60102599
2020,12,3501,중고품판매점,33744430
2020,12,3503,기타장비임대,151248465
2020,12,3504,기타수리.수선전문,152342895
2020,12,3601,기타부동산관련업,5546900
2020,12,3602,부동산중개,4473500
2020,12,3801,웨딩토탈서비스,30510623
2020,12,3802,예식장,176248000
2020,12,3803,기타가례서비스,16573500
2020,12,4101,종합병원,1737218818
2020,12,4102,일반병원,814026818
2020,12,4103,한방병원,252445323
2020,12,4104,요양병원,562543597
2020,12,4201,치과,3134831872
2020,12,4202,내과,978717171
2020,12,4203,신경정신과,235367275
2020,12,4204,외과,314391118
2020,12,4205,성형외과,396606603
2020,12,4206,산부인과,295644096
2020,12,4207,안과,357841376
2020,12,4208,이비인후과,89126000
2020,12,4209,피부과,793918671
2020,12,4211,기타의료업,744075776
2020,12,4212,한의원,769760297
2020,12,4214,소아과,150588507
2020,12,4215,정형외과,1395190593
2020,12,4401,의약품판매,303189425
2020,12,4402,약국,2712073428
2020,12,4403,한약방,55077480
2020,12,4501,기타약품.의료기기,270915700
2020,12,4601,산후조리원,250289525
2020,12,5102,대형할인점,2663080
2020,12,5103,기타상설할인.아울렛,724000
2020,12,5201,슈퍼마켓.마트,8623583487
2020,12,5202,편의점,3592702078
2020,12,5203,소비조합(구내매점),392488578
2020,12,5204,농수축협직판장,1395383320
2020,12,5205,농협식품전문점,1637471630
2020,12,5206,체인스토어,657625039
2020,12,5301,기타,147498171
2020,12,5302,기타종합소매점,52081273
2020,12,5402,비료.사료.종자,14006122
2020,12,5501,인터넷상거래,1294000
2020,12,5602,통신.방문판매,159590415
2020,12,6101,호텔(특급),63857762
2020,12,6102,호텔(특급외),108824410
2020,12,6103,기타숙박업소,49280710
2020,12,6104,레저용숙박업소,534000
2020,12,6202,여행지원서비스,550000
2020,12,6203,"수집품,기념품",186500
2020,12,6204,차량임대(렌터카),2867750
2020,12,6205,선물용품점,1663000
2020,12,6404,오토바이,21706520
2020,12,6501,차량부품.용품,394814570
2020,12,6502,자동차정비,1312949924
2020,12,6504,타이어판매점,346920173
2020,12,6601,주유소,5220305298
2020,12,6602,주유소(LPG),516251334
2020,12,6603,기타연료판매,101274628
2020,12,6701,주차장.폐차장,43538280
2020,12,6702,세차장,64044181
2020,12,6703,차량견인서비스,451000
2020,12,7101,유치원,16857400
2020,12,7103,대학교.대학원,3253900
2020,12,7201,"입시학원,보습학원",5051913040
2020,12,7202,외국어학원,1879024736
2020,12,7204,무술도장 등(학원),459959660
2020,12,7205,예체능계열학원,923415035
2020,12,7210,자동차운전학원,200176400
2020,12,7211,기술.직업훈련학원,140444300
2020,12,7213,기타교육.교습.학원,1901004349
2020,12,7301,요양.보육.복지시설,89097033
2020,12,7303,교육및교구,51585000
2020,12,8101,서적(출판),982184738
2020,12,8102,"문구,사무용품",366233581
2020,12,8103,비디오.음반,535400
2020,12,8104,악기판매점,65189210
2020,12,8105,"기타레저,스포츠용품",480501409
2020,12,8106,자전거,62127129
2020,12,8107,카메라.캠코더,10350580
2020,12,8109,예술품.골동품,2289750
2020,12,8110,화원.화초,207853585
2020,12,8111,"애완동물,용품(수족관)",163837203
2020,12,8112,기타상품판매점,278860612
2020,12,8113,사진관.현상소,146810150
2020,12,8114,점술업,390000
2020,12,8115,동물병원,346579503
2020,12,8117,완구,119549239
2020,12,8119,화방.표구점,5337500
2020,12,8120,민예품.공예품,22305450
2020,12,8121,전문스포츠용품점,256999145
2020,12,8202,기타오락.휴식시설,22044300
2020,12,8203,영화.공연장,2998000
2020,12,8302,골프장,104656450
2020,12,8305,헬스클럽,205581302
2020,12,8308,당구장,41139937
2020,12,8309,골프연습장,171129550
2020,12,8310,기타취미.레저.스포츠,546458848
2020,12,8401,오락실/PC방,143685850
2020,12,8402,노래방,39454500
2020,12,8405,사우나.목욕탕.찜질방,78838114
2020,12,8406,기타대인서비스,17413000
2020,12,8501,기타요금,3247600
2020,12,8503,종합레저타운,9482600
2020,12,8603,안마시술소,1200000
2020,12,9207,공공편의서비스,2588060
2020,12,9301,이사/화물운송업,12496012
2020,12,9303,택배서비스,4810290
2020,12,9305,기타운송기구,10010690
2020,12,9306,창고보관업,1098240
2020,12,9402,판촉물.인쇄.복사,40906610
2020,12,9407,기계.장비(기타),9051524
2020,12,9502,법무전문서비스,9546750
2020,12,9503,세무전문서비스,821000
2020,12,9504,광고기획.대행업,5502580
2020,12,9511,기타전문서비스,30848590
2020,12,9602,기타서비스,358727535
2020,12,9801,각종단체회비,6687240
2020,12,9906,종교시설 기부,6947140
2021,1,1101,양복점.한복점,40358946
2021,1,1104,아동.유아복,111228760
2021,1,1106,일반의류,985476813
2021,1,1107,스포츠용품점,243675420
2021,1,1108,모피.무스탕,11886000
2021,1,1110,내의류,142955200
2021,1,1111,교복,504461715
2021,1,1112,의류관련(기타),9182800
2021,1,1201,커튼.카펫.수건,131897160
2021,1,1202,침구및수예품,266091218
2021,1,1301,세탁업,205216370
2021,1,1401,기타잡화,191494702
2021,1,1402,시계.귀금속,233067308
2021,1,1403,안경.광학제품,1024893808
2021,1,1404,구두.신발,62895750
2021,1,1405,가방.핸드백,15538910
2021,1,1407,가발,37703000
2021,1,1501,화장품,598509472
2021,1,1503,미용재료,52415650
2021,1,1601,이발소,19584263
2021,1,1602,미용실(두발전문),2195168592
2021,1,1701,피부.체형미관리,372462103
2021,1,2102,"축산물,정육점",3704930941
2021,1,2103,"수산물,건어물",1820505177
2021,1,2104,"농산물,청과물",2272905464
2021,1,2105,기타식음료품,2865738343
2021,1,2201,건강보조식품,226477454
2021,1,2202,인삼전문점,88965391
2021,1,2203,한국인삼공사,55725325
2021,1,2301,일반음식점,16512430357
2021,1,2302,중식전문점,1653670920
2021,1,2303,일식전문점,1010438312
2021,1,2305,서양식전문점,703116247
2021,1,2307,패스트푸드점,1118303350
2021,1,2309,치킨전문점,1518473854
2021,1,2310,식음료(기타),469381271
2021,1,2401,기타음식점,362368450
2021,1,2402,뷔페.출장연회,70186800
2021,1,2501,제과.제빵,2107454910
2021,1,2502,커피전문점,1679505301
2021,1,2503,아이스크림전문점,120206760
2021,1,2601,일반주점,286253961
2021,1,2602,주류전문점,10581150
2021,1,2604,기타주점,1000500
2021,1,3101,가전제품,536015227
2021,1,3102,정수기.비데,3180600
2021,1,3104,기타전자제품,135490090
2021,1,3201,컴퓨터및소프트웨어,94485777
2021,1,3202,통신기기,53057698
2021,1,3203,"철재,사무용가구",46586200
2021,1,3204,기타사무용기기,9478730
2021,1,3301,가구판매점,2345374573
2021,1,3302,기타가정.주방용품,372898392
2021,1,3303,조명기구.전기,95178006
2021,1,3402,"보일러,펌프,샷시",283838895
2021,1,3403,기타건축자재,300418301
2021,1,3405,실내장식(인테리어),69626497
2021,1,3501,중고품판매점,45181128
2021,1,3503,기타장비임대,244073330
2021,1,3504,기타수리.수선전문,200469980
2021,1,3601,기타부동산관련업,6790810
2021,1,3602,부동산중개,11955500
2021,1,3801,웨딩토탈서비스,26871400
2021,1,3802,예식장,114420000
2021,1,3803,기타가례서비스,35181960
2021,1,4101,종합병원,2086436641
2021,1,4102,일반병원,1010783299
2021,1,4103,한방병원,343488764
2021,1,4104,요양병원,712019584
2021,1,4201,치과,4061550409
2021,1,4202,내과,1059892438
2021,1,4203,신경정신과,263013750
2021,1,4204,외과,416607635
2021,1,4205,성형외과,694585620
2021,1,4206,산부인과,431740676
2021,1,4207,안과,618749491
2021,1,4208,이비인후과,98866170
2021,1,4209,피부과,1238382319
2021,1,4211,기타의료업,824578030
2021,1,4212,한의원,1038384395
2021,1,4214,소아과,177935994
2021,1,4215,정형외과,1700755073
2021,1,4401,의약품판매,316944742
2021,1,4402,약국,3160348466
2021,1,4403,한약방,64165757
2021,1,4501,기타약품.의료기기,287763204
2021,1,4601,산후조리원,337200386
2021,1,5102,대형할인점,2929570
2021,1,5103,기타상설할인.아울렛,734710
2021,1,5201,슈퍼마켓.마트,10908233724
2021,1,5202,편의점,3915072412
2021,1,5203,소비조합(구내매점),514329465
2021,1,5204,농수축협직판장,1633609780
2021,1,5205,농협식품전문점,1980891080
2021,1,5206,체인스토어,525938100
2021,1,5301,기타,167558477
2021,1,5302,기타종합소매점,58075520
2021,1,5402,비료.사료.종자,12379700
2021,1,5501,인터넷상거래,960000
2021,1,5602,통신.방문판매,206684564
2021,1,6101,호텔(특급),26534195
2021,1,6102,호텔(특급외),82907787
2021,1,6103,기타숙박업소,59539799
2021,1,6104,레저용숙박업소,985000
2021,1,6203,"수집품,기념품",385000
2021,1,6204,차량임대(렌터카),3411300
2021,1,6205,선물용품점,2534000
2021,1,6404,오토바이,23282040
2021,1,6501,차량부품.용품,489550287
2021,1,6502,자동차정비,1505359691
2021,1,6504,타이어판매점,368609780
2021,1,6601,주유소,6664512790
2021,1,6602,주유소(LPG),655537420
2021,1,6603,기타연료판매,160547231
2021,1,6701,주차장.폐차장,44132613
2021,1,6702,세차장,91669980
2021,1,6703,차량견인서비스,772500
2021,1,7101,유치원,26387100
2021,1,7103,대학교.대학원,3097200
2021,1,7201,"입시학원,보습학원",7255822002
2021,1,7202,외국어학원,2481642635
2021,1,7204,무술도장 등(학원),666059000
2021,1,7205,예체능계열학원,1361810280
2021,1,7210,자동차운전학원,428836050
2021,1,7211,기술.직업훈련학원,257591390
2021,1,7213,기타교육.교습.학원,2850501266
2021,1,7301,요양.보육.복지시설,111184114
2021,1,7303,교육및교구,91371350
2021,1,8101,서적(출판),1462366896
2021,1,8102,"문구,사무용품",413840640
2021,1,8103,비디오.음반,152500
2021,1,8104,악기판매점,96924200
2021,1,8105,"기타레저,스포츠용품",510820990
2021,1,8106,자전거,92713351
2021,1,8107,카메라.캠코더,8729900
2021,1,8109,예술품.골동품,940300
2021,1,8110,화원.화초,259191133
2021,1,8111,"애완동물,용품(수족관)",215569452
2021,1,8112,기타상품판매점,382602981
2021,1,8113,사진관.현상소,212417750
2021,1,8114,점술업,461000
2021,1,8115,동물병원,516059701
2021,1,8117,완구,114362800
2021,1,8119,화방.표구점,6778310
2021,1,8120,민예품.공예품,24365200
2021,1,8121,전문스포츠용품점,274644623
2021,1,8202,기타오락.휴식시설,32919400
2021,1,8203,영화.공연장,2302000
2021,1,8302,골프장,58902660
2021,1,8305,헬스클럽,323978149
2021,1,8308,당구장,52005312
2021,1,8309,골프연습장,279893326
2021,1,8310,기타취미.레저.스포츠,928987324
2021,1,8401,오락실/PC방,215743760
2021,1,8402,노래방,26815200
2021,1,8405,사우나.목욕탕.찜질방,130436400
2021,1,8406,기타대인서비스,29350500
2021,1,8501,기타요금,1903200
2021,1,8503,종합레저타운,17005450
2021,1,8603,안마시술소,1140000
2021,1,9207,공공편의서비스,2485440
2021,1,9301,이사/화물운송업,9993300
2021,1,9303,택배서비스,4256811
2021,1,9305,기타운송기구,8767312
2021,1,9306,창고보관업,1666500
2021,1,9402,판촉물.인쇄.복사,50104815
2021,1,9407,기계.장비(기타),11292390
2021,1,9502,법무전문서비스,16313560
2021,1,9503,세무전문서비스,5147000
2021,1,9504,광고기획.대행업,5824740
2021,1,9511,기타전문서비스,103845360
2021,1,9602,기타서비스,471913662
2021,1,9801,각종단체회비,12550720
2021,1,9906,종교시설 기부,11584370
2021,2,1101,양복점.한복점,78099600
2021,2,1104,아동.유아복,114723423
2021,2,1106,일반의류,950559554
2021,2,1107,스포츠용품점,277387481
2021,2,1108,모피.무스탕,100000
2021,2,1110,내의류,141069340
2021,2,1111,교복,246483588
2021,2,1112,의류관련(기타),42928200
2021,2,1201,커튼.카펫.수건,118553970
2021,2,1202,침구및수예품,265997715
2021,2,1301,세탁업,233312063
2021,2,1401,기타잡화,201925520
2021,2,1402,시계.귀금속,330135408
2021,2,1403,안경.광학제품,1099813186
2021,2,1404,구두.신발,64197300
2021,2,1405,가방.핸드백,12111650
2021,2,1407,가발,34677000
2021,2,1501,화장품,715868507
2021,2,1503,미용재료,46426150
2021,2,1601,이발소,25415500
2021,2,1602,미용실(두발전문),2658341471
2021,2,1701,피부.체형미관리,445378915
2021,2,2102,"축산물,정육점",4960793644
2021,2,2103,"수산물,건어물",1828266901
2021,2,2104,"농산물,청과물",3166125434
2021,2,2105,기타식음료품,3411333202
2021,2,2201,건강보조식품,373782444
2021,2,2202,인삼전문점,208237776
2021,2,2203,한국인삼공사,120652961
2021,2,2301,일반음식점,19868929416
2021,2,2302,중식전문점,1860307798
2021,2,2303,일식전문점,1263711797
2021,2,2305,서양식전문점,986325004
2021,2,2307,패스트푸드점,1176691289
2021,2,2309,치킨전문점,1507246226
2021,2,2310,식음료(기타),610120987
2021,2,2401,기타음식점,373511023
2021,2,2402,뷔페.출장연회,91914640
2021,2,2501,제과.제빵,2349506145
2021,2,2502,커피전문점,2280400234
2021,2,2503,아이스크림전문점,143370326
2021,2,2601,일반주점,551894315
2021,2,2602,주류전문점,19498220
2021,2,2604,기타주점,1275100
2021,2,3101,가전제품,533122755
2021,2,3102,정수기.비데,4126800
2021,2,3104,기타전자제품,105440480
2021,2,3201,컴퓨터및소프트웨어,84159290
2021,2,3202,통신기기,43717276
2021,2,3203,"철재,사무용가구",67927200
2021,2,3204,기타사무용기기,6110014
2021,2,3301,가구판매점,2197160828
2021,2,3302,기타가정.주방용품,479430231
2021,2,3303,조명기구.전기,90636018
2021,2,3402,"보일러,펌프,샷시",223846376
2021,2,3403,기타건축자재,304918753
2021,2,3405,실내장식(인테리어),83425355
2021,2,3501,중고품판매점,48187310
2021,2,3503,기타장비임대,246118494
2021,2,3504,기타수리.수선전문,212275204
2021,2,3601,기타부동산관련업,6884290
2021,2,3602,부동산중개,8326400
2021,2,3801,웨딩토탈서비스,31955500
2021,2,3802,예식장,203306357
2021,2,3803,기타가례서비스,41285050
2021,2,4101,종합병원,2351650213
2021,2,4102,일반병원,1033550490
2021,2,4103,한방병원,344738606
2021,2,4104,요양병원,722463574
2021,2,4201,치과,4279906776
2021,2,4202,내과,1128012500
2021,2,4203,신경정신과,292400065
2021,2,4204,외과,409884620
2021,2,4205,성형외과,626780149
2021,2,4206,산부인과,412643170
2021,2,4207,안과,743414160
2021,2,4208,이비인후과,107400140
2021,2,4209,피부과,1331682797
2021,2,4211,기타의료업,920948610
2021,2,4212,한의원,1099793634
2021,2,4214,소아과,206456220
2021,2,4215,정형외과,1752899922
2021,2,4401,의약품판매,309919974
2021,2,4402,약국,3359975842
2021,2,4403,한약방,64368034
2021,2,4501,기타약품.의료기기,308419397
2021,2,4601,산후조리원,539380129
2021,2,5102,대형할인점,2905430
2021,2,5103,기타상설할인.아울렛,972160
2021,2,5201,슈퍼마켓.마트,11315795875
2021,2,5202,편의점,4278204697
2021,2,5203,소비조합(구내매점),545341544
2021,2,5204,농수축협직판장,1968186200
2021,2,5205,농협식품전문점,2165745210
2021,2,5206,체인스토어,622709735
2021,2,5301,기타,173605590
2021,2,5302,기타종합소매점,75598820
2021,2,5402,비료.사료.종자,28293200
2021,2,5501,인터넷상거래,407000
2021,2,5602,통신.방문판매,212864592
2021,2,6101,호텔(특급),109470491
2021,2,6102,호텔(특급외),118661516
2021,2,6103,기타숙박업소,65594194
2021,2,6104,레저용숙박업소,1191500
2021,2,6201,여행사,620000
2021,2,6203,"수집품,기념품",1373000
2021,2,6204,차량임대(렌터카),3700042
2021,2,6205,선물용품점,2293000
2021,2,6302,택시,300000
2021,2,6404,오토바이,32846662
2021,2,6501,차량부품.용품,415499248
2021,2,6502,자동차정비,1441638405
2021,2,6504,타이어판매점,302456945
2021,2,6601,주유소,7499000481
2021,2,6602,주유소(LPG),754214293
2021,2,6603,기타연료판매,126812291
2021,2,6701,주차장.폐차장,63547900
2021,2,6702,세차장,126236300
2021,2,6703,차량견인서비스,378000
2021,2,6705,고속도로통행카드,26400
2021,2,7101,유치원,26071010
2021,2,7103,대학교.대학원,13556600
2021,2,7201,"입시학원,보습학원",7739487728
2021,2,7202,외국어학원,2779270737
2021,2,7204,무술도장 등(학원),843124328
2021,2,7205,예체능계열학원,1308907589
2021,2,7210,자동차운전학원,190877054
2021,2,7211,기술.직업훈련학원,234271170
2021,2,7213,기타교육.교습.학원,2990888651
2021,2,7301,요양.보육.복지시설,126447715
2021,2,7303,교육및교구,79782360
2021,2,8101,서적(출판),1178357291
2021,2,8102,"문구,사무용품",479713970
2021,2,8103,비디오.음반,590000
2021,2,8104,악기판매점,96810500
2021,2,8105,"기타레저,스포츠용품",558176531
2021,2,8106,자전거,227007000
2021,2,8107,카메라.캠코더,7109600
2021,2,8109,예술품.골동품,2488000
2021,2,8110,화원.화초,460558329
2021,2,8111,"애완동물,용품(수족관)",229029372
2021,2,8112,기타상품판매점,426604623
2021,2,8113,사진관.현상소,264526700
2021,2,8114,점술업,650000
2021,2,8115,동물병원,523854732
2021,2,8117,완구,168875850
2021,2,8119,화방.표구점,4909000
2021,2,8120,민예품.공예품,36837250
2021,2,8121,전문스포츠용품점,337183600
2021,2,8202,기타오락.휴식시설,53703000
2021,2,8203,영화.공연장,4218000
2021,2,8302,골프장,140083800
2021,2,8305,헬스클럽,424901209
2021,2,8308,당구장,70895550
2021,2,8309,골프연습장,360820161
2021,2,8310,기타취미.레저.스포츠,1125820834
2021,2,8401,오락실/PC방,245197640
2021,2,8402,노래방,99772225
2021,2,8405,사우나.목욕탕.찜질방,150045800
2021,2,8406,기타대인서비스,29968700
2021,2,8501,기타요금,7580500
2021,2,8503,종합레저타운,60343200
2021,2,8603,안마시술소,1570000
2021,2,9207,공공편의서비스,7736180
2021,2,9301,이사/화물운송업,19928050
2021,2,9303,택배서비스,4996830
2021,2,9305,기타운송기구,14120740
2021,2,9306,창고보관업,1930380
2021,2,9402,판촉물.인쇄.복사,42209543
2021,2,9407,기계.장비(기타),17763832
2021,2,9502,법무전문서비스,21495500
2021,2,9503,세무전문서비스,3550000
2021,2,9504,광고기획.대행업,4367520
2021,2,9511,기타전문서비스,68796005
2021,2,9602,기타서비스,471518902
2021,2,9801,각종단체회비,11415020
2021,2,9906,종교시설 기부,16236000
2021,3,1101,양복점.한복점,56427000
2021,3,1104,아동.유아복,151346504
2021,3,1106,일반의류,1128768766
2021,3,1107,스포츠용품점,262817261
2021,3,1108,모피.무스탕,625000
2021,3,1110,내의류,144668390
2021,3,1111,교복,67415900
2021,3,1112,의류관련(기타),12923850
2021,3,1201,커튼.카펫.수건,81397560
2021,3,1202,침구및수예품,217403560
2021,3,1301,세탁업,535882961
2021,3,1401,기타잡화,223307844
2021,3,1402,시계.귀금속,223343876
2021,3,1403,안경.광학제품,1019878290
2021,3,1404,구두.신발,79387847
2021,3,1405,가방.핸드백,11828700
2021,3,1407,가발,19694500
2021,3,1501,화장품,531961756
2021,3,1503,미용재료,43566700
2021,3,1601,이발소,22589400
2021,3,1602,미용실(두발전문),2412051440
2021,3,1701,피부.체형미관리,353525243
2021,3,2102,"축산물,정육점",3131926581
2021,3,2103,"수산물,건어물",1432029252
2021,3,2104,"농산물,청과물",2125576017
2021,3,2105,기타식음료품,2784818003
2021,3,2201,건강보조식품,189014921
2021,3,2202,인삼전문점,59211448
2021,3,2203,한국인삼공사,25433130
2021,3,2301,일반음식점,22917198343
2021,3,2302,중식전문점,1989294825
2021,3,2303,일식전문점,1368858264
2021,3,2305,서양식전문점,1098441019
2021,3,2307,패스트푸드점,1137597461
2021,3,2309,치킨전문점,1644475616
2021,3,2310,식음료(기타),482295468
2021,3,2401,기타음식점,430353343
2021,3,2402,뷔페.출장연회,123271100
2021,3,2501,제과.제빵,2349685092
2021,3,2502,커피전문점,2636306245
2021,3,2503,아이스크림전문점,116668630
2021,3,2601,일반주점,762546959
2021,3,2602,주류전문점,6694600
2021,3,2604,기타주점,2267700
2021,3,3101,가전제품,333832879
2021,3,3102,정수기.비데,2749300
2021,3,3104,기타전자제품,61566990
2021,3,3201,컴퓨터및소프트웨어,63805220
2021,3,3202,통신기기,27620260
2021,3,3203,"철재,사무용가구",43457309
2021,3,3204,기타사무용기기,8626753
2021,3,3301,가구판매점,1078840759
2021,3,3302,기타가정.주방용품,351590153
2021,3,3303,조명기구.전기,68197481
2021,3,3402,"보일러,펌프,샷시",122251383
2021,3,3403,기타건축자재,226592509
2021,3,3405,실내장식(인테리어),62323149
2021,3,3501,중고품판매점,41062450
2021,3,3503,기타장비임대,281109399
2021,3,3504,기타수리.수선전문,168328752
2021,3,3601,기타부동산관련업,4957550
2021,3,3602,부동산중개,2631000
2021,3,3801,웨딩토탈서비스,34752300
2021,3,3802,예식장,143416200
2021,3,3803,기타가례서비스,15491000
2021,3,4101,종합병원,1716815530
2021,3,4102,일반병원,753295679
2021,3,4103,한방병원,230486637
2021,3,4104,요양병원,403678712
2021,3,4201,치과,2977002815
2021,3,4202,내과,1044568569
2021,3,4203,신경정신과,231694676
2021,3,4204,외과,297968909
2021,3,4205,성형외과,286809750
2021,3,4206,산부인과,371099788
2021,3,4207,안과,373797970
2021,3,4208,이비인후과,116516720
2021,3,4209,피부과,916932114
2021,3,4211,기타의료업,729942387
2021,3,4212,한의원,941847580
2021,3,4214,소아과,190364540
2021,3,4215,정형외과,1399987361
2021,3,4401,의약품판매,190061621
2021,3,4402,약국,3418787794
2021,3,4403,한약방,57343200
2021,3,4501,기타약품.의료기기,190894757
2021,3,4601,산후조리원,308348360
2021,3,5102,대형할인점,3074260
2021,3,5103,기타상설할인.아울렛,2221730
2021,3,5201,슈퍼마켓.마트,9931165582
2021,3,5202,편의점,4772416495
2021,3,5203,소비조합(구내매점),492718400
2021,3,5204,농수축협직판장,1541652240
2021,3,5205,농협식품전문점,1830023888
2021,3,5206,체인스토어,785888560
2021,3,5301,기타,120208522
2021,3,5302,기타종합소매점,80599844
2021,3,5402,비료.사료.종자,60514335
2021,3,5501,인터넷상거래,386500
2021,3,5602,통신.방문판매,117923073
2021,3,6101,호텔(특급),93903032
2021,3,6102,호텔(특급외),90572399
2021,3,6103,기타숙박업소,62229973
2021,3,6104,레저용숙박업소,1163900
2021,3,6201,여행사,255000
2021,3,6203,"수집품,기념품",335500
2021,3,6204,차량임대(렌터카),2045380
2021,3,6205,선물용품점,3244000
2021,3,6404,오토바이,30076468
2021,3,6501,차량부품.용품,291956481
2021,3,6502,자동차정비,1234766392
2021,3,6504,타이어판매점,247402427
2021,3,6601,주유소,7845167293
2021,3,6602,주유소(LPG),813828336
2021,3,6603,기타연료판매,75685728
2021,3,6701,주차장.폐차장,71572110
2021,3,6702,세차장,74580690
2021,3,6703,차량견인서비스,390000
2021,3,6705,고속도로통행카드,2000
2021,3,7101,유치원,43511740
2021,3,7103,대학교.대학원,8072100
2021,3,7201,"입시학원,보습학원",5885814161
2021,3,7202,외국어학원,2025631232
2021,3,7204,무술도장 등(학원),794490090
2021,3,7205,예체능계열학원,1199441136
2021,3,7210,자동차운전학원,100956850
2021,3,7211,기술.직업훈련학원,156673532
2021,3,7213,기타교육.교습.학원,2593745908
2021,3,7301,요양.보육.복지시설,101927249
2021,3,7303,교육및교구,45299510
2021,3,8101,서적(출판),1235205797
2021,3,8102,"문구,사무용품",619229571
2021,3,8103,비디오.음반,633100
2021,3,8104,악기판매점,52136000
2021,3,8105,"기타레저,스포츠용품",602376840
2021,3,8106,자전거,242081396
2021,3,8107,카메라.캠코더,4172200
2021,3,8109,예술품.골동품,2695200
2021,3,8110,화원.화초,466842257
2021,3,8111,"애완동물,용품(수족관)",212031176
2021,3,8112,기타상품판매점,309065552
2021,3,8113,사진관.현상소,250418294
2021,3,8114,점술업,960000
2021,3,8115,동물병원,459910558
2021,3,8117,완구,115346600
2021,3,8119,화방.표구점,11396600
2021,3,8120,민예품.공예품,25331800
2021,3,8121,전문스포츠용품점,315351907
2021,3,8202,기타오락.휴식시설,64738650
2021,3,8203,영화.공연장,3055500
2021,3,8302,골프장,223071620
2021,3,8305,헬스클럽,358294840
2021,3,8308,당구장,78297531
2021,3,8309,골프연습장,314988800
2021,3,8310,기타취미.레저.스포츠,989483775
2021,3,8401,오락실/PC방,235967360
2021,3,8402,노래방,142094000
2021,3,8405,사우나.목욕탕.찜질방,138544100
2021,3,8406,기타대인서비스,25918200
2021,3,8501,기타요금,13918900
2021,3,8503,종합레저타운,91951276
2021,3,8603,안마시술소,510000
2021,3,9207,공공편의서비스,9507580
2021,3,9301,이사/화물운송업,5954560
2021,3,9303,택배서비스,4706360
2021,3,9305,기타운송기구,8382680
2021,3,9306,창고보관업,1427850
2021,3,9402,판촉물.인쇄.복사,45306405
2021,3,9407,기계.장비(기타),40901333
2021,3,9502,법무전문서비스,9924750
2021,3,9503,세무전문서비스,775000
2021,3,9504,광고기획.대행업,4626500
2021,3,9511,기타전문서비스,34789790
2021,3,9602,기타서비스,402833611
2021,3,9801,각종단체회비,8291561
2021,3,9906,종교시설 기부,14991000
2021,4,1101,양복점.한복점,63982200
2021,4,1104,아동.유아복,131257660
2021,4,1106,일반의류,1073626391
2021,4,1107,스포츠용품점,230539759
2021,4,1108,모피.무스탕,720000
2021,4,1110,내의류,142485202
2021,4,1111,교복,74835956
2021,4,1112,의류관련(기타),9494600
2021,4,1201,커튼.카펫.수건,68671670
2021,4,1202,침구및수예품,224266330
2021,4,1301,세탁업,586878198
2021,4,1401,기타잡화,189905876
2021,4,1402,시계.귀금속,201566693
2021,4,1403,안경.광학제품,950000979
2021,4,1404,구두.신발,92284705
2021,4,1405,가방.핸드백,15869700
2021,4,1407,가발,19456000
2021,4,1501,화장품,536659534
2021,4,1503,미용재료,47881950
2021,4,1601,이발소,23873300
2021,4,1602,미용실(두발전문),2308049001
2021,4,1701,피부.체형미관리,357272190
2021,4,2102,"축산물,정육점",3268121617
2021,4,2103,"수산물,건어물",1298322598
2021,4,2104,"농산물,청과물",2261552265
2021,4,2105,기타식음료품,2870755867
2021,4,2201,건강보조식품,185661377
2021,4,2202,인삼전문점,55825021
2021,4,2203,한국인삼공사,29481140
2021,4,2301,일반음식점,20870897009
2021,4,2302,중식전문점,1798740194
2021,4,2303,일식전문점,1243752408
2021,4,2305,서양식전문점,978719151
2021,4,2307,패스트푸드점,1133893253
2021,4,2309,치킨전문점,1603591469
2021,4,2310,식음료(기타),480224214
2021,4,2401,기타음식점,458956681
2021,4,2402,뷔페.출장연회,92628960
2021,4,2501,제과.제빵,2198428600
2021,4,2502,커피전문점,2661641629
2021,4,2503,아이스크림전문점,129580910
2021,4,2601,일반주점,494957783
2021,4,2602,주류전문점,6537550
2021,4,2604,기타주점,660800
2021,4,3101,가전제품,228860851
2021,4,3102,정수기.비데,2554000
2021,4,3104,기타전자제품,58291030
2021,4,3201,컴퓨터및소프트웨어,38856290
2021,4,3202,통신기기,25121900
2021,4,3203,"철재,사무용가구",28232760
2021,4,3204,기타사무용기기,8033160
2021,4,3301,가구판매점,925703730
2021,4,3302,기타가정.주방용품,321096373
2021,4,3303,조명기구.전기,58045519
2021,4,3402,"보일러,펌프,샷시",101813023
2021,4,3403,기타건축자재,226015712
2021,4,3405,실내장식(인테리어),59544493
2021,4,3501,중고품판매점,42155440
2021,4,3503,기타장비임대,317394055
2021,4,3504,기타수리.수선전문,167757357
2021,4,3601,기타부동산관련업,6763400
2021,4,3602,부동산중개,3140500
2021,4,3801,웨딩토탈서비스,23849000
2021,4,3802,예식장,104122500
2021,4,3803,기타가례서비스,6128900
2021,4,4101,종합병원,1607519353
2021,4,4102,일반병원,775706040
2021,4,4103,한방병원,225010586
2021,4,4104,요양병원,456115507
2021,4,4201,치과,2989665816
2021,4,4202,내과,1061400920
2021,4,4203,신경정신과,256529731
2021,4,4204,외과,271503423
2021,4,4205,성형외과,287632460
2021,4,4206,산부인과,370163953
2021,4,4207,안과,317999810
2021,4,4208,이비인후과,134441390
2021,4,4209,피부과,914050719
2021,4,4211,기타의료업,723350969
2021,4,4212,한의원,966711236
2021,4,4214,소아과,187906350
2021,4,4215,정형외과,1355536709
2021,4,4401,의약품판매,79524527
2021,4,4402,약국,3579447504
2021,4,4403,한약방,43296000
2021,4,4501,기타약품.의료기기,153184936
2021,4,4601,산후조리원,308471551
2021,4,5102,대형할인점,522300
2021,4,5103,기타상설할인.아울렛,2063800
2021,4,5201,슈퍼마켓.마트,10447015790
2021,4,5202,편의점,4864493410
2021,4,5203,소비조합(구내매점),559589936
2021,4,5204,농수축협직판장,1520899805
2021,4,5205,농협식품전문점,1774045614
2021,4,5206,체인스토어,654695989
2021,4,5301,기타,112405753
2021,4,5302,기타종합소매점,91145681
2021,4,5402,비료.사료.종자,84632768
2021,4,5501,인터넷상거래,27000
2021,4,5602,통신.방문판매,119989003
2021,4,6101,호텔(특급),18699395
2021,4,6102,호텔(특급외),72613311
2021,4,6103,기타숙박업소,56469608
2021,4,6104,레저용숙박업소,997600
2021,4,6201,여행사,212000
2021,4,6203,"수집품,기념품",605000
2021,4,6204,차량임대(렌터카),2491590
2021,4,6205,선물용품점,3346000
2021,4,6404,오토바이,36000185
2021,4,6501,차량부품.용품,305494511
2021,4,6502,자동차정비,1240378160
2021,4,6504,타이어판매점,250519380
2021,4,6601,주유소,7988960658
2021,4,6602,주유소(LPG),818278644
2021,4,6603,기타연료판매,52115224
2021,4,6701,주차장.폐차장,57690570
2021,4,6702,세차장,89012003
2021,4,6703,차량견인서비스,182000
2021,4,7101,유치원,45970600
2021,4,7103,대학교.대학원,3636900
2021,4,7201,"입시학원,보습학원",5897329882
2021,4,7202,외국어학원,1998200972
2021,4,7204,무술도장 등(학원),824759940
2021,4,7205,예체능계열학원,1265226138
2021,4,7210,자동차운전학원,83837150
2021,4,7211,기술.직업훈련학원,145758510
2021,4,7213,기타교육.교습.학원,2610228752
2021,4,7301,요양.보육.복지시설,104147704
2021,4,7303,교육및교구,43661230
2021,4,8101,서적(출판),671146191
2021,4,8102,"문구,사무용품",399648916
2021,4,8103,비디오.음반,591572
2021,4,8104,악기판매점,52589000
2021,4,8105,"기타레저,스포츠용품",579773432
2021,4,8106,자전거,249698691
2021,4,8107,카메라.캠코더,4682000
2021,4,8109,예술품.골동품,2907900
2021,4,8110,화원.화초,442576659
2021,4,8111,"애완동물,용품(수족관)",206355064
2021,4,8112,기타상품판매점,287094718
2021,4,8113,사진관.현상소,187621600
2021,4,8114,점술업,2113000
2021,4,8115,동물병원,443757663
2021,4,8117,완구,110455428
2021,4,8119,화방.표구점,6359400
2021,4,8120,민예품.공예품,22108600
2021,4,8121,전문스포츠용품점,340299831
2021,4,8202,기타오락.휴식시설,39739400
2021,4,8203,영화.공연장,3082000
2021,4,8302,골프장,236154050
2021,4,8305,헬스클럽,324234751
2021,4,8308,당구장,60772059
2021,4,8309,골프연습장,290218500
2021,4,8310,기타취미.레저.스포츠,939201391
2021,4,8401,오락실/PC방,209921860
2021,4,8402,노래방,55838400
2021,4,8405,사우나.목욕탕.찜질방,86860420
2021,4,8406,기타대인서비스,24901300
2021,4,8501,기타요금,14422300
2021,4,8503,종합레저타운,81043000
2021,4,8603,안마시술소,1480000
2021,4,9207,공공편의서비스,18923310
2021,4,9301,이사/화물운송업,4741150
2021,4,9303,택배서비스,4482450
2021,4,9305,기타운송기구,9394530
2021,4,9306,창고보관업,2808405
2021,4,9402,판촉물.인쇄.복사,32206641
2021,4,9407,기계.장비(기타),48373688
2021,4,9502,법무전문서비스,9036080
2021,4,9503,세무전문서비스,970000
2021,4,9504,광고기획.대행업,3040650
2021,4,9511,기타전문서비스,36251210
2021,4,9602,기타서비스,409854382
2021,4,9801,각종단체회비,5137460
2021,4,9906,종교시설 기부,13818000
2021,5,1101,양복점.한복점,111206700
2021,5,1104,아동.유아복,296804182
2021,5,1106,일반의류,1859296070
2021,5,1107,스포츠용품점,447826338
2021,5,1108,모피.무스탕,405000
2021,5,1110,내의류,260645890
2021,5,1111,교복,86435177
2021,5,1112,의류관련(기타),40048900
2021,5,1201,커튼.카펫.수건,155013224
2021,5,1202,침구및수예품,515034266
2021,5,1301,세탁업,681780426
2021,5,1401,기타잡화,342465405
2021,5,1402,시계.귀금속,674111919
2021,5,1403,안경.광학제품,1818616065
2021,5,1404,구두.신발,153546118
2021,5,1405,가방.핸드백,33440750
2021,5,1407,가발,39348900
2021,5,1501,화장품,1038901697
2021,5,1503,미용재료,91005660
2021,5,1601,이발소,33685600
2021,5,1602,미용실(두발전문),3674273189
2021,5,1701,피부.체형미관리,780527795
2021,5,2102,"축산물,정육점",5088652833
2021,5,2103,"수산물,건어물",2036696268
2021,5,2104,"농산물,청과물",3139664105
2021,5,2105,기타식음료품,4136789521
2021,5,2201,건강보조식품,367133857
2021,5,2202,인삼전문점,193531795
2021,5,2203,한국인삼공사,109531386
2021,5,2301,일반음식점,31648561493
2021,5,2302,중식전문점,2676745576
2021,5,2303,일식전문점,1871085667
2021,5,2305,서양식전문점,1485424677
2021,5,2307,패스트푸드점,1481513309
2021,5,2309,치킨전문점,2209936344
2021,5,2310,식음료(기타),684447405
2021,5,2401,기타음식점,592384128
2021,5,2402,뷔페.출장연회,181510598
2021,5,2501,제과.제빵,2918119453
2021,5,2502,커피전문점,3438540297
2021,5,2503,아이스크림전문점,160915021
2021,5,2601,일반주점,1017363409
2021,5,2602,주류전문점,12914770
2021,5,2603,단란주점,175000
2021,5,2604,기타주점,2896700
2021,5,3101,가전제품,713045965
2021,5,3102,정수기.비데,4717000
2021,5,3104,기타전자제품,78251290
2021,5,3201,컴퓨터및소프트웨어,71521477
2021,5,3202,통신기기,39103230
2021,5,3203,"철재,사무용가구",61435314
2021,5,3204,기타사무용기기,9053730
2021,5,3301,가구판매점,2025783536
2021,5,3302,기타가정.주방용품,528082936
2021,5,3303,조명기구.전기,102362751
2021,5,3402,"보일러,펌프,샷시",163245325
2021,5,3403,기타건축자재,362294742
2021,5,3405,실내장식(인테리어),106484291
2021,5,3501,중고품판매점,64191830
2021,5,3503,기타장비임대,368467496
2021,5,3504,기타수리.수선전문,290358216
2021,5,3601,기타부동산관련업,8292030
2021,5,3602,부동산중개,5850500
2021,5,3801,웨딩토탈서비스,70073100
2021,5,3802,예식장,298769134
2021,5,3803,기타가례서비스,9672500
2021,5,4101,종합병원,2396870521
2021,5,4102,일반병원,1183788045
2021,5,4103,한방병원,354857310
2021,5,4104,요양병원,698057086
2021,5,4201,치과,5415828869
2021,5,4202,내과,1464804733
2021,5,4203,신경정신과,322447384
2021,5,4204,외과,388464923
2021,5,4205,성형외과,421251500
2021,5,4206,산부인과,508728295
2021,5,4207,안과,518337933
2021,5,4208,이비인후과,144952470
2021,5,4209,피부과,1389890614
2021,5,4211,기타의료업,998466416
2021,5,4212,한의원,1393860141
2021,5,4214,소아과,237071098
2021,5,4215,정형외과,2007922255
2021,5,4401,의약품판매,167393789
2021,5,4402,약국,4722723496
2021,5,4403,한약방,81988055
2021,5,4501,기타약품.의료기기,278986564
2021,5,4601,산후조리원,829139172
2021,5,5102,대형할인점,889010
2021,5,5103,기타상설할인.아울렛,2887320
2021,5,5201,슈퍼마켓.마트,14198030627
2021,5,5202,편의점,6231620304
2021,5,5203,소비조합(구내매점),861297327
2021,5,5204,농수축협직판장,2625188540
2021,5,5205,농협식품전문점,2844578630
2021,5,5206,체인스토어,887738321
2021,5,5301,기타,216749084
2021,5,5302,기타종합소매점,113818433
2021,5,5402,비료.사료.종자,119285375
2021,5,5501,인터넷상거래,1870000
2021,5,5602,통신.방문판매,239673350
2021,5,6101,호텔(특급),44950739
2021,5,6102,호텔(특급외),166025769
2021,5,6103,기타숙박업소,94939800
2021,5,6104,레저용숙박업소,1900100
2021,5,6201,여행사,3843000
2021,5,6202,여행지원서비스,990000
2021,5,6203,"수집품,기념품",1143600
2021,5,6204,차량임대(렌터카),8199660
2021,5,6205,선물용품점,9307000
2021,5,6404,오토바이,53234280
2021,5,6501,차량부품.용품,571110735
2021,5,6502,자동차정비,1948292796
2021,5,6504,타이어판매점,451711581
2021,5,6601,주유소,11124328942
2021,5,6602,주유소(LPG),1069968036
2021,5,6603,기타연료판매,89350530
2021,5,6701,주차장.폐차장,96500030
2021,5,6702,세차장,126319814
2021,5,6703,차량견인서비스,337000
2021,5,6705,고속도로통행카드,1200
2021,5,7101,유치원,98869997
2021,5,7103,대학교.대학원,4459100
2021,5,7201,"입시학원,보습학원",9652058990
2021,5,7202,외국어학원,3321404372
2021,5,7204,무술도장 등(학원),1413337270
2021,5,7205,예체능계열학원,2053152967
2021,5,7210,자동차운전학원,147213150
2021,5,7211,기술.직업훈련학원,264346350
2021,5,7213,기타교육.교습.학원,4172066233
2021,5,7301,요양.보육.복지시설,144293300
2021,5,7303,교육및교구,97925630
2021,5,8101,서적(출판),869820547
2021,5,8102,"문구,사무용품",619200668
2021,5,8103,비디오.음반,610100
2021,5,8104,악기판매점,117498300
2021,5,8105,"기타레저,스포츠용품",1134290626
2021,5,8106,자전거,451830476
2021,5,8107,카메라.캠코더,13018590
2021,5,8109,예술품.골동품,8965200
2021,5,8110,화원.화초,1032106686
2021,5,8111,"애완동물,용품(수족관)",307732071
2021,5,8112,기타상품판매점,471254858
2021,5,8113,사진관.현상소,345540870
2021,5,8114,점술업,1800000
2021,5,8115,동물병원,697406698
2021,5,8117,완구,283569490
2021,5,8118,총포류,90000
2021,5,8119,화방.표구점,9715400
2021,5,8120,민예품.공예품,41866599
2021,5,8121,전문스포츠용품점,713967735
2021,5,8202,기타오락.휴식시설,97266650
2021,5,8203,영화.공연장,6208500
2021,5,8302,골프장,352071124
2021,5,8305,헬스클럽,694866768
2021,5,8308,당구장,96326560
2021,5,8309,골프연습장,552436738
2021,5,8310,기타취미.레저.스포츠,1924888626
2021,5,8401,오락실/PC방,303590610
2021,5,8402,노래방,187626475
2021,5,8405,사우나.목욕탕.찜질방,243679410
2021,5,8406,기타대인서비스,46727000
2021,5,8501,기타요금,21970800
2021,5,8503,종합레저타운,170007900
2021,5,8603,안마시술소,5280000
2021,5,9207,공공편의서비스,50384070
2021,5,9301,이사/화물운송업,13363240
2021,5,9303,택배서비스,5438090
2021,5,9305,기타운송기구,19483711
2021,5,9306,창고보관업,3345440
2021,5,9402,판촉물.인쇄.복사,48820269
2021,5,9407,기계.장비(기타),76253756
2021,5,9502,법무전문서비스,7100210
2021,5,9503,세무전문서비스,31956000
2021,5,9504,광고기획.대행업,10660008
2021,5,9511,기타전문서비스,60475014
2021,5,9602,기타서비스,661793106
2021,5,9801,각종단체회비,13792360
2021,5,9906,종교시설 기부,43517500
2021,6,1101,양복점.한복점,51941500
2021,6,1104,아동.유아복,118374209
2021,6,1106,일반의류,1494773731
2021,6,1107,스포츠용품점,286666827
2021,6,1108,모피.무스탕,1159000
2021,6,1110,내의류,248422568
2021,6,1111,교복,27769800
2021,6,1112,의류관련(기타),6408100
2021,6,1201,커튼.카펫.수건,110330594
2021,6,1202,침구및수예품,323685767
2021,6,1301,세탁업,465677266
2021,6,1401,기타잡화,274557513
2021,6,1402,시계.귀금속,295177720
2021,6,1403,안경.광학제품,1206502121
2021,6,1404,구두.신발,124930027
2021,6,1405,가방.핸드백,25077790
2021,6,1407,가발,21050500
2021,6,1501,화장품,643068514
2021,6,1503,미용재료,56585680
2021,6,1601,이발소,34366500
2021,6,1602,미용실(두발전문),2882783103
2021,6,1701,피부.체형미관리,504081722
2021,6,2102,"축산물,정육점",4032574250
2021,6,2103,"수산물,건어물",1311631363
2021,6,2104,"농산물,청과물",2750374361
2021,6,2105,기타식음료품,3529440165
2021,6,2201,건강보조식품,238523194
2021,6,2202,인삼전문점,66746880
2021,6,2203,한국인삼공사,32074105
2021,6,2301,일반음식점,27942186265
2021,6,2302,중식전문점,2252044942
2021,6,2303,일식전문점,1585316958
2021,6,2305,서양식전문점,1287368094
2021,6,2307,패스트푸드점,1353324280
2021,6,2309,치킨전문점,1950625810
2021,6,2310,식음료(기타),543994368
2021,6,2401,기타음식점,531819573
2021,6,2402,뷔페.출장연회,135195720
2021,6,2501,제과.제빵,2497075953
2021,6,2502,커피전문점,3476171130
2021,6,2503,아이스크림전문점,154138130
2021,6,2601,일반주점,892554881
2021,6,2602,주류전문점,6918510
2021,6,2604,기타주점,1574350
2021,6,3101,가전제품,320006021
2021,6,3102,정수기.비데,5233830
2021,6,3104,기타전자제품,48649713
2021,6,3201,컴퓨터및소프트웨어,50166210
2021,6,3202,통신기기,22894370
2021,6,3203,"철재,사무용가구",34920050
2021,6,3204,기타사무용기기,9467236
2021,6,3301,가구판매점,1005351119
2021,6,3302,기타가정.주방용품,367681983
2021,6,3303,조명기구.전기,78084525
2021,6,3402,"보일러,펌프,샷시",202899154
2021,6,3403,기타건축자재,271127828
2021,6,3405,실내장식(인테리어),82075703
2021,6,3501,중고품판매점,50971621
2021,6,3503,기타장비임대,361893681
2021,6,3504,기타수리.수선전문,263179900
2021,6,3601,기타부동산관련업,8917750
2021,6,3602,부동산중개,3805700
2021,6,3801,웨딩토탈서비스,36257622
2021,6,3802,예식장,135801300
2021,6,3803,기타가례서비스,12460133
2021,6,4101,종합병원,2095138888
2021,6,4102,일반병원,931868985
2021,6,4103,한방병원,262294579
2021,6,4104,요양병원,508509414
2021,6,4201,치과,3421776061
2021,6,4202,내과,1462599733
2021,6,4203,신경정신과,303054058
2021,6,4204,외과,334824806
2021,6,4205,성형외과,294503993
2021,6,4206,산부인과,429414729
2021,6,4207,안과,444921597
2021,6,4208,이비인후과,133456730
2021,6,4209,피부과,1053968464
2021,6,4211,기타의료업,882096902
2021,6,4212,한의원,1064824072
2021,6,4214,소아과,197908219
2021,6,4215,정형외과,1690350643
2021,6,4401,의약품판매,90327521
2021,6,4402,약국,4444141160
2021,6,4403,한약방,56514150
2021,6,4501,기타약품.의료기기,181377098
2021,6,4601,산후조리원,318873853
2021,6,5102,대형할인점,872750
2021,6,5103,기타상설할인.아울렛,3265260
2021,6,5201,슈퍼마켓.마트,12536191417
2021,6,5202,편의점,6379932422
2021,6,5203,소비조합(구내매점),767903625
2021,6,5204,농수축협직판장,1985489930
2021,6,5205,농협식품전문점,2307940870
2021,6,5206,체인스토어,1116364253
2021,6,5301,기타,134452803
2021,6,5302,기타종합소매점,107673090
2021,6,5402,비료.사료.종자,60603021
2021,6,5501,인터넷상거래,760000
2021,6,5602,통신.방문판매,132429445
2021,6,6101,호텔(특급),22681662
2021,6,6102,호텔(특급외),85294369
2021,6,6103,기타숙박업소,74192540
2021,6,6104,레저용숙박업소,2214410
2021,6,6201,여행사,3484900
2021,6,6203,"수집품,기념품",905100
2021,6,6204,차량임대(렌터카),3159170
2021,6,6205,선물용품점,5612000
2021,6,6302,택시,300000
2021,6,6308,기타승객운송업,700000
2021,6,6404,오토바이,36197910
2021,6,6501,차량부품.용품,400363383
2021,6,6502,자동차정비,1636822666
2021,6,6504,타이어판매점,342187639
2021,6,6601,주유소,10163509215
2021,6,6602,주유소(LPG),983478114
2021,6,6603,기타연료판매,46586062
2021,6,6701,주차장.폐차장,76770660
2021,6,6702,세차장,107927614
2021,6,6703,차량견인서비스,996000
2021,6,6705,고속도로통행카드,1600
2021,6,7101,유치원,61730370
2021,6,7103,대학교.대학원,6013500
2021,6,7201,"입시학원,보습학원",5883290912
2021,6,7202,외국어학원,2096843613
2021,6,7204,무술도장 등(학원),964393050
2021,6,7205,예체능계열학원,1319991350
2021,6,7210,자동차운전학원,158169350
2021,6,7211,기술.직업훈련학원,172326407
2021,6,7213,기타교육.교습.학원,2782859275
2021,6,7301,요양.보육.복지시설,113907834
2021,6,7303,교육및교구,47654804
2021,6,8101,서적(출판),620359601
2021,6,8102,"문구,사무용품",449574785
2021,6,8103,비디오.음반,343300
2021,6,8104,악기판매점,40299300
2021,6,8105,"기타레저,스포츠용품",702548873
2021,6,8106,자전거,214542051
2021,6,8107,카메라.캠코더,3287400
2021,6,8109,예술품.골동품,4641700
2021,6,8110,화원.화초,348229089
2021,6,8111,"애완동물,용품(수족관)",263305516
2021,6,8112,기타상품판매점,396761099
2021,6,8113,사진관.현상소,216862501
2021,6,8114,점술업,753000
2021,6,8115,동물병원,563499141
2021,6,8117,완구,104361550
2021,6,8119,화방.표구점,7471520
2021,6,8120,민예품.공예품,22897914
2021,6,8121,전문스포츠용품점,425270757
2021,6,8202,기타오락.휴식시설,90244300
2021,6,8203,영화.공연장,3838000
2021,6,8302,골프장,338743458
2021,6,8305,헬스클럽,457565434
2021,6,8308,당구장,86373211
2021,6,8309,골프연습장,422559045
2021,6,8310,기타취미.레저.스포츠,1343767258
2021,6,8401,오락실/PC방,305096790
2021,6,8402,노래방,136280925
2021,6,8405,사우나.목욕탕.찜질방,107654555
2021,6,8406,기타대인서비스,28734400
2021,6,8501,기타요금,18279900
2021,6,8503,종합레저타운,125281945
2021,6,8603,안마시술소,1985000
2021,6,9207,공공편의서비스,52773300
2021,6,9301,이사/화물운송업,4756410
2021,6,9303,택배서비스,5012450
2021,6,9305,기타운송기구,9343720
2021,6,9306,창고보관업,1796730
2021,6,9402,판촉물.인쇄.복사,38864697
2021,6,9407,기계.장비(기타),37252616
2021,6,9502,법무전문서비스,6808500
2021,6,9503,세무전문서비스,9424000
2021,6,9504,광고기획.대행업,6130150
2021,6,9511,기타전문서비스,36746249
2021,6,9602,기타서비스,493148383
2021,6,9801,각종단체회비,13257750
2021,6,9906,종교시설 기부,11274000
2021,7,1101,양복점.한복점,37731300
2021,7,1104,아동.유아복,111260149
2021,7,1106,일반의류,1261291775
2021,7,1107,스포츠용품점,224005600
2021,7,1108,모피.무스탕,1468000
2021,7,1110,내의류,241033958
2021,7,1111,교복,14221805
2021,7,1112,의류관련(기타),8741000
2021,7,1201,커튼.카펫.수건,86112038
2021,7,1202,침구및수예품,237439984
2021,7,1301,세탁업,302116548
2021,7,1401,기타잡화,235717601
2021,7,1402,시계.귀금속,226968829
2021,7,1403,안경.광학제품,1192379281
2021,7,1404,구두.신발,98971900
2021,7,1405,가방.핸드백,24379500
2021,7,1407,가발,18283000
2021,7,1501,화장품,619451004
2021,7,1503,미용재료,52974104
2021,7,1601,이발소,30380016
2021,7,1602,미용실(두발전문),2865182025
2021,7,1701,피부.체형미관리,413172328
2021,7,2102,"축산물,정육점",3923486704
2021,7,2103,"수산물,건어물",1202357831
2021,7,2104,"농산물,청과물",2789613850
2021,7,2105,기타식음료품,3651531286
2021,7,2201,건강보조식품,222984264
2021,7,2202,인삼전문점,70089384
2021,7,2203,한국인삼공사,27303465
2021,7,2301,일반음식점,26420437168
2021,7,2302,중식전문점,2278716974
2021,7,2303,일식전문점,1460276193
2021,7,2305,서양식전문점,1201901233
2021,7,2307,패스트푸드점,1402408940
2021,7,2309,치킨전문점,2122759411
2021,7,2310,식음료(기타),541530096
2021,7,2401,기타음식점,536089528
2021,7,2402,뷔페.출장연회,102881300
2021,7,2501,제과.제빵,2384575201
2021,7,2502,커피전문점,3446727703
2021,7,2503,아이스크림전문점,142258180
2021,7,2601,일반주점,681147510
2021,7,2602,주류전문점,22896840
2021,7,2604,기타주점,1800500
2021,7,3101,가전제품,332067957
2021,7,3102,정수기.비데,5709540
2021,7,3104,기타전자제품,55564372
2021,7,3201,컴퓨터및소프트웨어,43888668
2021,7,3202,통신기기,26939065
2021,7,3203,"철재,사무용가구",22526738
2021,7,3204,기타사무용기기,7131783
2021,7,3301,가구판매점,931784151
2021,7,3302,기타가정.주방용품,341422325
2021,7,3303,조명기구.전기,66714412
2021,7,3402,"보일러,펌프,샷시",94590526
2021,7,3403,기타건축자재,237344919
2021,7,3405,실내장식(인테리어),55676051
2021,7,3501,중고품판매점,46802020
2021,7,3503,기타장비임대,308070241
2021,7,3504,기타수리.수선전문,266264292
2021,7,3601,기타부동산관련업,10192800
2021,7,3602,부동산중개,3855500
2021,7,3801,웨딩토탈서비스,37113000
2021,7,3802,예식장,113693000
2021,7,3803,기타가례서비스,11950990
2021,7,4101,종합병원,2015460870
2021,7,4102,일반병원,898335235
2021,7,4103,한방병원,236419907
2021,7,4104,요양병원,537207856
2021,7,4201,치과,3357517141
2021,7,4202,내과,1367059391
2021,7,4203,신경정신과,310381895
2021,7,4204,외과,325044498
2021,7,4205,성형외과,284272831
2021,7,4206,산부인과,436099933
2021,7,4207,안과,454111290
2021,7,4208,이비인후과,114125410
2021,7,4209,피부과,989795087
2021,7,4211,기타의료업,841883332
2021,7,4212,한의원,1010822735
2021,7,4214,소아과,176898597
2021,7,4215,정형외과,1604303962
2021,7,4401,의약품판매,99054094
2021,7,4402,약국,4331553967
2021,7,4403,한약방,53189056
2021,7,4501,기타약품.의료기기,177029270
2021,7,4601,산후조리원,323483751
2021,7,5102,대형할인점,958630
2021,7,5103,기타상설할인.아울렛,3854950
2021,7,5201,슈퍼마켓.마트,12573223446
2021,7,5202,편의점,6400435338
2021,7,5203,소비조합(구내매점),778827842
2021,7,5204,농수축협직판장,2010346388
2021,7,5205,농협식품전문점,2312780250
2021,7,5206,체인스토어,834051800
2021,7,5301,기타,120398165
2021,7,5302,기타종합소매점,94842980
2021,7,5402,비료.사료.종자,58085037
2021,7,5501,인터넷상거래,40000
2021,7,5602,통신.방문판매,134406900
2021,7,6101,호텔(특급),23118819
2021,7,6102,호텔(특급외),63673656
2021,7,6103,기타숙박업소,80796992
2021,7,6104,레저용숙박업소,827700
2021,7,6201,여행사,2159000
2021,7,6203,"수집품,기념품",876500
2021,7,6204,차량임대(렌터카),3595285
2021,7,6205,선물용품점,6990500
2021,7,6404,오토바이,28308510
2021,7,6501,차량부품.용품,403187073
2021,7,6502,자동차정비,1618070783
2021,7,6504,타이어판매점,321001960
2021,7,6601,주유소,11015815186
2021,7,6602,주유소(LPG),1070322606
2021,7,6603,기타연료판매,40472245
2021,7,6701,주차장.폐차장,81932149
2021,7,6702,세차장,92747744
2021,7,6703,차량견인서비스,431000
2021,7,6705,고속도로통행카드,1600
2021,7,7101,유치원,60174650
2021,7,7103,대학교.대학원,3921500
2021,7,7201,"입시학원,보습학원",6795941291
2021,7,7202,외국어학원,2153450638
2021,7,7204,무술도장 등(학원),958105179
2021,7,7205,예체능계열학원,1524492425
2021,7,7210,자동차운전학원,211215990
2021,7,7211,기술.직업훈련학원,193935302
2021,7,7213,기타교육.교습.학원,2979601675
2021,7,7301,요양.보육.복지시설,118763192
2021,7,7303,교육및교구,54894900
2021,7,8101,서적(출판),852836586
2021,7,8102,"문구,사무용품",411845252
2021,7,8103,비디오.음반,307800
2021,7,8104,악기판매점,46920900
2021,7,8105,"기타레저,스포츠용품",517524607
2021,7,8106,자전거,183325379
2021,7,8107,카메라.캠코더,6324000
2021,7,8109,예술품.골동품,5003500
2021,7,8110,화원.화초,286361332
2021,7,8111,"애완동물,용품(수족관)",290655431
2021,7,8112,기타상품판매점,357389381
2021,7,8113,사진관.현상소,203274570
2021,7,8114,점술업,325000
2021,7,8115,동물병원,565889929
2021,7,8117,완구,119111410
2021,7,8118,총포류,90000
2021,7,8119,화방.표구점,7315600
2021,7,8120,민예품.공예품,24267920
2021,7,8121,전문스포츠용품점,375187461
2021,7,8202,기타오락.휴식시설,111686000
2021,7,8203,영화.공연장,6311500
2021,7,8302,골프장,302473810
2021,7,8305,헬스클럽,416243552
2021,7,8308,당구장,86775737
2021,7,8309,골프연습장,388790340
2021,7,8310,기타취미.레저.스포츠,1258562819
2021,7,8401,오락실/PC방,333375417
2021,7,8402,노래방,84562300
2021,7,8405,사우나.목욕탕.찜질방,86372800
2021,7,8406,기타대인서비스,31162100
2021,7,8501,기타요금,14269200
2021,7,8503,종합레저타운,32051800
2021,7,8603,안마시술소,2760000
2021,7,9207,공공편의서비스,50930335
2021,7,9301,이사/화물운송업,6135897
2021,7,9303,택배서비스,5634050
2021,7,9305,기타운송기구,8871650
2021,7,9306,창고보관업,1765860
2021,7,9402,판촉물.인쇄.복사,39328250
2021,7,9407,기계.장비(기타),35907075
2021,7,9502,법무전문서비스,6458500
2021,7,9503,세무전문서비스,3532000
2021,7,9504,광고기획.대행업,5544503
2021,7,9511,기타전문서비스,35646500
2021,7,9602,기타서비스,475673057
2021,7,9801,각종단체회비,11101515
2021,7,9906,종교시설 기부,14419000
2021,8,1101,양복점.한복점,53884300
2021,8,1104,아동.유아복,132930260
2021,8,1106,일반의류,854663886
2021,8,1107,스포츠용품점,190795835
2021,8,1108,모피.무스탕,239000
2021,8,1110,내의류,158928010
2021,8,1111,교복,13840650
2021,8,1112,의류관련(기타),9245400
2021,8,1201,커튼.카펫.수건,81953360
2021,8,1202,침구및수예품,196848933
2021,8,1301,세탁업,223733111
2021,8,1401,기타잡화,206526108
2021,8,1402,시계.귀금속,262016720
2021,8,1403,안경.광학제품,1311659643
2021,8,1404,구두.신발,73814790
2021,8,1405,가방.핸드백,20545100
2021,8,1407,가발,19993500
2021,8,1501,화장품,579425106
2021,8,1503,미용재료,52897370
2021,8,1601,이발소,31859549
2021,8,1602,미용실(두발전문),2953462085
2021,8,1701,피부.체형미관리,397583750
2021,8,2102,"축산물,정육점",4329063661
2021,8,2103,"수산물,건어물",1429719605
2021,8,2104,"농산물,청과물",3035638939
2021,8,2105,기타식음료품,3873941688
2021,8,2201,건강보조식품,191992505
2021,8,2202,인삼전문점,68103562
2021,8,2203,한국인삼공사,32978041
2021,8,2301,일반음식점,23777724418
2021,8,2302,중식전문점,2332470322
2021,8,2303,일식전문점,1275128250
2021,8,2305,서양식전문점,1162560940
2021,8,2307,패스트푸드점,1471892022
2021,8,2309,치킨전문점,1992790691
2021,8,2310,식음료(기타),616111845
2021,8,2401,기타음식점,441453245
2021,8,2402,뷔페.출장연회,72238430
2021,8,2501,제과.제빵,2575957197
2021,8,2502,커피전문점,3241177056
2021,8,2503,아이스크림전문점,197660820
2021,8,2601,일반주점,415909680
2021,8,2602,주류전문점,28419360
2021,8,2604,기타주점,1336000
2021,8,3101,가전제품,290072964
2021,8,3102,정수기.비데,2632160
2021,8,3104,기타전자제품,45293730
2021,8,3201,컴퓨터및소프트웨어,36905620
2021,8,3202,통신기기,28459090
2021,8,3203,"철재,사무용가구",26482430
2021,8,3204,기타사무용기기,5222944
2021,8,3301,가구판매점,926624769
2021,8,3302,기타가정.주방용품,333078070
2021,8,3303,조명기구.전기,66745792
2021,8,3402,"보일러,펌프,샷시",87218154
2021,8,3403,기타건축자재,204931289
2021,8,3405,실내장식(인테리어),52965065
2021,8,3501,중고품판매점,34803950
2021,8,3503,기타장비임대,252166442
2021,8,3504,기타수리.수선전문,226741892
2021,8,3601,기타부동산관련업,12802140
2021,8,3602,부동산중개,5842500
2021,8,3801,웨딩토탈서비스,39357200
2021,8,3802,예식장,159954000
2021,8,3803,기타가례서비스,7254500
2021,8,4101,종합병원,1949815626
2021,8,4102,일반병원,877701447
2021,8,4103,한방병원,256721676
2021,8,4104,요양병원,488498848
2021,8,4201,치과,3442140565
2021,8,4202,내과,1353425884
2021,8,4203,신경정신과,300263581
2021,8,4204,외과,322629755
2021,8,4205,성형외과,261488551
2021,8,4206,산부인과,452633202
2021,8,4207,안과,460780645
2021,8,4208,이비인후과,113055918
2021,8,4209,피부과,1054392315
2021,8,4211,기타의료업,817712629
2021,8,4212,한의원,940442233
2021,8,4214,소아과,176562937
2021,8,4215,정형외과,1501252750
2021,8,4401,의약품판매,92319959
2021,8,4402,약국,4260108146
2021,8,4403,한약방,40779513
2021,8,4501,기타약품.의료기기,144946457
2021,8,4601,산후조리원,364375445
2021,8,5101,백화점,36800
2021,8,5102,대형할인점,991550
2021,8,5103,기타상설할인.아울렛,1459580
2021,8,5201,슈퍼마켓.마트,13249759378
2021,8,5202,편의점,6702642432
2021,8,5203,소비조합(구내매점),789398943
2021,8,5204,농수축협직판장,2122456940
2021,8,5205,농협식품전문점,2446279360
2021,8,5206,체인스토어,826341818
2021,8,5301,기타,100121259
2021,8,5302,기타종합소매점,85336920
2021,8,5402,비료.사료.종자,74090470
2021,8,5501,인터넷상거래,503600
2021,8,5602,통신.방문판매,124157793
2021,8,6101,호텔(특급),20947467
2021,8,6102,호텔(특급외),57128263
2021,8,6103,기타숙박업소,71718345
2021,8,6104,레저용숙박업소,1871700
2021,8,6201,여행사,285000
2021,8,6203,"수집품,기념품",984100
2021,8,6204,차량임대(렌터카),5358087
2021,8,6205,선물용품점,1284500
2021,8,6404,오토바이,34115388
2021,8,6501,차량부품.용품,358031954
2021,8,6502,자동차정비,1472196715
2021,8,6504,타이어판매점,315015299
2021,8,6601,주유소,11160457295
2021,8,6602,주유소(LPG),1121124389
2021,8,6603,기타연료판매,42416859
2021,8,6701,주차장.폐차장,70599490
2021,8,6702,세차장,84219814
2021,8,6703,차량견인서비스,644000
2021,8,7101,유치원,64859790
2021,8,7103,대학교.대학원,8928900
2021,8,7201,"입시학원,보습학원",6924671649
2021,8,7202,외국어학원,2241310458
2021,8,7204,무술도장 등(학원),774614192
2021,8,7205,예체능계열학원,1397722068
2021,8,7210,자동차운전학원,135127214
2021,8,7211,기술.직업훈련학원,191581390
2021,8,7213,기타교육.교습.학원,2903547315
2021,8,7301,요양.보육.복지시설,125254961
2021,8,7303,교육및교구,49705850
2021,8,8101,서적(출판),770040099
2021,8,8102,"문구,사무용품",408890637
2021,8,8103,비디오.음반,275600
2021,8,8104,악기판매점,45996000
2021,8,8105,"기타레저,스포츠용품",423097297
2021,8,8106,자전거,211945315
2021,8,8107,카메라.캠코더,5866043
2021,8,8109,예술품.골동품,5532900
2021,8,8110,화원.화초,252240580
2021,8,8111,"애완동물,용품(수족관)",279642539
2021,8,8112,기타상품판매점,378209459
2021,8,8113,사진관.현상소,249336900
2021,8,8114,점술업,794000
2021,8,8115,동물병원,574736051
2021,8,8117,완구,153729822
2021,8,8119,화방.표구점,7779200
2021,8,8120,민예품.공예품,27110320
2021,8,8121,전문스포츠용품점,388461687
2021,8,8202,기타오락.휴식시설,103408850
2021,8,8203,영화.공연장,6109750
2021,8,8302,골프장,258988950
2021,8,8305,헬스클럽,319363030
2021,8,8308,당구장,79224514
2021,8,8309,골프연습장,414424830
2021,8,8310,기타취미.레저.스포츠,939595345
2021,8,8401,오락실/PC방,262929675
2021,8,8402,노래방,16863600
2021,8,8405,사우나.목욕탕.찜질방,86473600
2021,8,8406,기타대인서비스,22800400
2021,8,8501,기타요금,3449990
2021,8,8503,종합레저타운,45892300
2021,8,8603,안마시술소,2599000
2021,8,9207,공공편의서비스,34017780
2021,8,9301,이사/화물운송업,5279246
2021,8,9303,택배서비스,5049890
2021,8,9305,기타운송기구,10887730
2021,8,9306,창고보관업,2003290
2021,8,9402,판촉물.인쇄.복사,27157240
2021,8,9407,기계.장비(기타),37571304
2021,8,9502,법무전문서비스,5537000
2021,8,9503,세무전문서비스,1820000
2021,8,9504,광고기획.대행업,3283300
2021,8,9511,기타전문서비스,28490780
2021,8,9602,기타서비스,460152420
2021,8,9801,각종단체회비,9428040
2021,8,9906,종교시설 기부,11164670
2021,9,1101,양복점.한복점,69773460
2021,9,1104,아동.유아복,217120022
2021,9,1106,일반의류,1530289144
2021,9,1107,스포츠용품점,335005944
2021,9,1108,모피.무스탕,1265000
2021,9,1110,내의류,199557120
2021,9,1111,교복,21617650
2021,9,1112,의류관련(기타),11727800
2021,9,1201,커튼.카펫.수건,127606746
2021,9,1202,침구및수예품,348686736
2021,9,1301,세탁업,285597440
2021,9,1401,기타잡화,300484628
2021,9,1402,시계.귀금속,303695655
2021,9,1403,안경.광학제품,1330759159
2021,9,1404,구두.신발,111272903
2021,9,1405,가방.핸드백,27161170
2021,9,1407,가발,22127200
2021,9,1501,화장품,685046072
2021,9,1503,미용재료,66144768
2021,9,1601,이발소,30071413
2021,9,1602,미용실(두발전문),3035913795
2021,9,1701,피부.체형미관리,434965375
2021,9,2102,"축산물,정육점",5932332369
2021,9,2103,"수산물,건어물",2585364002
2021,9,2104,"농산물,청과물",3857207941
2021,9,2105,기타식음료품,4465952490
2021,9,2201,건강보조식품,384702243
2021,9,2202,인삼전문점,281767679
2021,9,2203,한국인삼공사,158317627
2021,9,2301,일반음식점,25652085912
2021,9,2302,중식전문점,2348714276
2021,9,2303,일식전문점,1566338064
2021,9,2305,서양식전문점,1216154546
2021,9,2307,패스트푸드점,1381624341
2021,9,2309,치킨전문점,1907866943
2021,9,2310,식음료(기타),795595608
2021,9,2401,기타음식점,452721744
2021,9,2402,뷔페.출장연회,94334135
2021,9,2501,제과.제빵,2624861019
2021,9,2502,커피전문점,3415097047
2021,9,2503,아이스크림전문점,149571150
2021,9,2601,일반주점,580650684
2021,9,2602,주류전문점,60892221
2021,9,2604,기타주점,1726400
2021,9,3101,가전제품,351582187
2021,9,3102,정수기.비데,6542260
2021,9,3104,기타전자제품,39937260
2021,9,3201,컴퓨터및소프트웨어,49638540
2021,9,3202,통신기기,29849231
2021,9,3203,"철재,사무용가구",32660340
2021,9,3204,기타사무용기기,8186077
2021,9,3301,가구판매점,1054618732
2021,9,3302,기타가정.주방용품,407981965
2021,9,3303,조명기구.전기,68770198
2021,9,3402,"보일러,펌프,샷시",114427201
2021,9,3403,기타건축자재,245441935
2021,9,3405,실내장식(인테리어),71395216
2021,9,3501,중고품판매점,51438880
2021,9,3503,기타장비임대,317823449
2021,9,3504,기타수리.수선전문,245704770
2021,9,3601,기타부동산관련업,16341150
2021,9,3602,부동산중개,4840000
2021,9,3801,웨딩토탈서비스,58815800
2021,9,3802,예식장,144539764
2021,9,3803,기타가례서비스,6004500
2021,9,4101,종합병원,1891508603
2021,9,4102,일반병원,880758663
2021,9,4103,한방병원,261958454
2021,9,4104,요양병원,517776486
2021,9,4201,치과,3333455700
2021,9,4202,내과,1379780638
2021,9,4203,신경정신과,296469540
2021,9,4204,외과,286308735
2021,9,4205,성형외과,283153762
2021,9,4206,산부인과,398461128
2021,9,4207,안과,466283845
2021,9,4208,이비인후과,144912100
2021,9,4209,피부과,1062922708
2021,9,4211,기타의료업,784477769
2021,9,4212,한의원,1048158856
2021,9,4214,소아과,186690945
2021,9,4215,정형외과,1432128415
2021,9,4401,의약품판매,100848167
2021,9,4402,약국,4579357233
2021,9,4403,한약방,55362920
2021,9,4501,기타약품.의료기기,172511226
2021,9,4601,산후조리원,402553608
2021,9,5102,대형할인점,693600
2021,9,5103,기타상설할인.아울렛,2048870
2021,9,5201,슈퍼마켓.마트,13386735555
2021,9,5202,편의점,6967348340
2021,9,5203,소비조합(구내매점),801572143
2021,9,5204,농수축협직판장,2237598390
2021,9,5205,농협식품전문점,2487759720
2021,9,5206,체인스토어,1123225367
2021,9,5301,기타,125333166
2021,9,5302,기타종합소매점,114513151
2021,9,5402,비료.사료.종자,46515890
2021,9,5501,인터넷상거래,300000
2021,9,5602,통신.방문판매,143897610
2021,9,6101,호텔(특급),22182795
2021,9,6102,호텔(특급외),64250854
2021,9,6103,기타숙박업소,80661510
2021,9,6104,레저용숙박업소,2096820
2021,9,6201,여행사,466000
2021,9,6203,"수집품,기념품",1262500
2021,9,6204,차량임대(렌터카),4173871
2021,9,6205,선물용품점,4746500
2021,9,6404,오토바이,32740332
2021,9,6501,차량부품.용품,391339990
2021,9,6502,자동차정비,1509633298
2021,9,6504,타이어판매점,323375162
2021,9,6601,주유소,10758041293
2021,9,6602,주유소(LPG),1101307662
2021,9,6603,기타연료판매,60212279
2021,9,6701,주차장.폐차장,82252121
2021,9,6702,세차장,122497108
2021,9,6703,차량견인서비스,91000
2021,9,7101,유치원,74474010
2021,9,7103,대학교.대학원,6489400
2021,9,7201,"입시학원,보습학원",6945107704
2021,9,7202,외국어학원,2367453754
2021,9,7204,무술도장 등(학원),983534250
2021,9,7205,예체능계열학원,1589447590
2021,9,7210,자동차운전학원,113060980
2021,9,7211,기술.직업훈련학원,185957940
2021,9,7213,기타교육.교습.학원,3171413710
2021,9,7301,요양.보육.복지시설,119832968
2021,9,7303,교육및교구,68942150
2021,9,8101,서적(출판),1354346019
2021,9,8102,"문구,사무용품",475507457
2021,9,8103,비디오.음반,456200
2021,9,8104,악기판매점,61328500
2021,9,8105,"기타레저,스포츠용품",824383552
2021,9,8106,자전거,243146475
2021,9,8107,카메라.캠코더,5527757
2021,9,8109,예술품.골동품,6602500
2021,9,8110,화원.화초,312478306
2021,9,8111,"애완동물,용품(수족관)",303126167
2021,9,8112,기타상품판매점,430661553
2021,9,8113,사진관.현상소,229831969
2021,9,8114,점술업,892000
2021,9,8115,동물병원,586888647
2021,9,8117,완구,193831842
2021,9,8118,총포류,146000
2021,9,8119,화방.표구점,9013800
2021,9,8120,민예품.공예품,28487699
2021,9,8121,전문스포츠용품점,484024316
2021,9,8202,기타오락.휴식시설,120730400
2021,9,8203,영화.공연장,6384750
2021,9,8302,골프장,321084445
2021,9,8305,헬스클럽,351965906
2021,9,8308,당구장,96832084
2021,9,8309,골프연습장,456352440
2021,9,8310,기타취미.레저.스포츠,1283480301
2021,9,8401,오락실/PC방,333731878
2021,9,8402,노래방,82866200
2021,9,8405,사우나.목욕탕.찜질방,124278210
2021,9,8406,기타대인서비스,30358300
2021,9,8501,기타요금,9073200
2021,9,8503,종합레저타운,135436420
2021,9,8603,안마시술소,1460000
2021,9,9207,공공편의서비스,50138340
2021,9,9301,이사/화물운송업,8508740
2021,9,9303,택배서비스,5692830
2021,9,9305,기타운송기구,10284084
2021,9,9306,창고보관업,3403900
2021,9,9402,판촉물.인쇄.복사,41288951
2021,9,9407,기계.장비(기타),30495543
2021,9,9502,법무전문서비스,7810250
2021,9,9503,세무전문서비스,850000
2021,9,9504,광고기획.대행업,6972525
2021,9,9511,기타전문서비스,38237760
2021,9,9602,기타서비스,514324432
2021,9,9801,각종단체회비,9182850
2021,9,9906,종교시설 기부,12445000
